1 roll,1 pitch,2 roll,2 pitch,3 roll,3 pitch,4 roll,4 pitch,5 roll,5 pitch,result
133.36,-67.92,33.02,-74.31,18.96,60.36,30.16,24.11,153.44,-69.31,yoo
132.97,-68.05,33.49,-74.6,19.09,60.27,30.26,23.98,153.18,-69.52,yoo
131.78,-68.13,34.18,-75.45,19.3,59.57,30.13,23.21,153.54,-69.9,yoo
131.81,-67.94,34.07,-75.56,19.37,59.61,30.13,23.29,153.45,-70.5,yoo
131.48,-68.02,34.91,-75.82,19.46,59.75,30.09,23.53,152.95,-69.92,yoo
130.59,-68.02,35.35,-75.92,19.69,59.53,30.22,23.48,152.82,-70.2,yoo
129.96,-67.84,35.99,-76.17,19.85,59.63,30.24,23.69,152.77,-70.32,yoo
129.83,-68.05,35.63,-76.43,20.05,59.4,30.25,23.54,152.81,-70.42,yoo
129.51,-67.86,35.21,-76.57,20.33,59.28,30.39,23.42,153.14,-70.39,yoo
129.88,-68.06,34.08,-76.64,20.36,59.17,30.49,23.34,152.85,-70.95,yoo
130.37,-67.73,33.47,-76.94,20.15,59.02,30.56,23.14,152.54,-71.62,yoo
130.98,-67.58,31.64,-76.97,19.88,59.03,30.5,23.15,153.02,-72.48,yoo
131.92,-67.52,31.31,-76.64,19.64,59.21,30.52,23.37,151.77,-73.29,yoo
131.62,-67.78,31.63,-76.36,19.84,59.32,30.67,23.44,150.53,-73.52,yoo
131.12,-67.88,32.15,-75.89,20.3,59.56,30.81,23.72,148.76,-73.52,yoo
130.84,-68.43,31.85,-75.82,20.34,59.7,30.64,23.94,147.55,-73.37,yoo
131.21,-68.8,30.78,-75.65,19.98,59.93,30.26,24.18,146.28,-73.43,yoo
131.16,-68.84,30.26,-75.98,19.8,59.83,30.24,24.16,146.72,-73.66,yoo
131.31,-68.76,30.2,-76.03,19.83,59.92,30.31,24.32,146.65,-73.81,yoo
131.69,-68.82,30.02,-76.16,19.6,59.76,30.32,24.21,145.75,-73.95,yoo
131.94,-68.94,29.41,-76.3,19.35,59.69,30.18,24.23,145.02,-74.43,yoo
131.28,-69.0,29.02,-76.37,19.17,59.82,30.06,24.43,145.29,-74.96,yoo
131.52,-69.64,27.44,-76.3,19.02,59.88,29.85,24.48,143.6,-75.74,yoo
131.76,-69.46,26.57,-75.92,19.04,59.99,29.87,24.56,143.79,-76.15,yoo
132.23,-69.26,26.24,-75.58,19.22,60.05,30.12,24.53,143.29,-76.31,yoo
131.96,-69.24,25.58,-75.35,19.34,60.14,30.24,24.61,141.87,-76.62,yoo
131.79,-69.2,25.54,-75.25,19.38,60.28,30.25,24.85,141.32,-76.36,yoo
131.61,-69.22,25.78,-74.95,19.56,60.16,30.31,24.73,141.49,-76.28,yoo
131.55,-69.1,25.05,-74.78,19.7,60.26,30.4,24.85,140.05,-76.42,yoo
131.48,-69.53,24.55,-74.66,19.69,60.44,30.28,25.0,137.77,-76.9,yoo
130.58,-70.03,25.46,-74.63,20.0,60.49,30.18,25.11,136.55,-76.29,yoo
129.47,-71.13,25.6,-74.71,19.87,60.4,29.51,25.04,136.21,-75.55,yoo
129.31,-71.45,25.28,-75.27,18.68,60.43,28.66,25.06,138.67,-75.27,yoo
131.09,-71.05,19.56,-75.52,15.85,60.93,28.58,24.67,100.76,-77.99,yoo
132.48,-70.13,16.39,-74.88,15.0,61.16,28.63,24.84,105.48,-80.06,yoo
132.69,-69.61,16.6,-75.18,14.82,61.15,28.57,24.95,110.48,-79.74,yoo
132.67,-69.22,15.96,-75.08,14.57,61.57,28.35,25.49,115.66,-79.64,yoo
133.14,-68.89,14.83,-75.08,13.9,61.63,27.94,25.71,118.28,-79.23,yoo
133.28,-68.52,14.57,-75.35,13.72,61.37,27.84,25.58,122.5,-78.99,yoo
132.99,-68.31,14.93,-75.07,13.68,61.55,27.8,25.81,124.33,-79.05,yoo
132.3,-67.99,15.88,-74.77,13.71,61.83,27.64,26.19,126.96,-77.89,yoo
132.07,-67.5,17.06,-74.91,13.74,61.87,27.7,26.34,129.82,-77.23,yoo
130.97,-66.8,18.72,-75.33,14.13,61.54,27.76,26.25,133.47,-76.56,yoo
130.54,-66.45,19.99,-75.58,14.1,61.42,27.8,26.21,135.73,-75.95,yoo
130.67,-65.96,20.39,-75.98,14.04,61.14,27.92,26.09,138.53,-75.5,yoo
131.06,-66.06,19.99,-75.88,13.84,61.18,27.86,26.16,139.76,-75.84,yoo
131.15,-66.16,20.05,-75.82,13.69,61.27,27.84,26.28,141.03,-76.05,yoo
131.25,-66.26,20.45,-75.79,13.9,61.19,27.93,26.2,142.38,-75.77,yoo
131.35,-66.31,20.57,-75.66,13.98,61.22,27.93,26.3,143.56,-75.67,yoo
131.34,-66.57,21.02,-75.43,13.99,61.45,27.81,26.55,144.24,-75.18,yoo
130.81,-66.69,22.27,-75.46,14.22,61.4,27.88,26.53,146.17,-74.77,yoo
130.27,-66.66,22.67,-75.61,14.34,61.25,27.89,26.41,147.45,-74.54,yoo
130.14,-66.8,22.57,-75.5,14.56,61.11,28.01,26.21,148.1,-74.53,yoo
129.36,-66.73,23.65,-75.55,14.69,61.11,28.07,26.2,149.03,-74.66,yoo
129.29,-66.83,24.06,-75.43,14.69,61.2,27.99,26.33,149.62,-74.48,yoo
127.9,-67.34,25.59,-75.6,15.0,60.94,28.02,26.17,150.74,-73.82,yoo
126.21,-67.38,27.19,-75.85,15.47,60.7,28.09,25.94,151.88,-72.88,yoo
125.75,-67.22,29.24,-76.07,15.63,60.54,28.09,25.91,153.47,-72.57,yoo
124.66,-67.15,30.43,-76.21,15.9,60.18,28.18,25.53,154.48,-72.19,yoo
124.6,-67.27,30.85,-76.3,16.17,59.93,28.34,25.24,155.44,-72.35,yoo
125.22,-67.06,29.17,-76.45,16.27,59.57,28.71,24.69,156.23,-73.24,yoo
125.67,-66.93,28.3,-76.47,16.12,59.45,28.83,24.45,156.7,-73.59,yoo
125.88,-66.9,27.15,-76.29,15.99,59.48,28.92,24.36,156.17,-74.42,yoo
126.94,-67.06,26.19,-76.09,15.6,59.5,28.92,24.27,155.23,-75.24,yoo
127.65,-67.34,25.9,-76.07,14.45,59.73,28.66,24.3,155.1,-75.73,yoo
127.87,-67.22,25.64,-75.94,14.07,59.73,28.62,24.23,154.76,-76.4,yoo
128.27,-67.56,24.05,-75.76,13.84,59.95,28.61,24.39,153.93,-76.83,yoo
128.38,-67.81,23.77,-75.58,13.69,60.15,28.52,24.56,154.01,-76.94,yoo
128.8,-68.05,23.51,-75.62,13.32,60.46,28.33,24.9,153.8,-76.81,yoo
129.12,-68.16,22.67,-75.44,13.26,60.6,28.22,25.02,153.88,-76.68,yoo
128.67,-68.34,23.5,-75.41,13.2,60.74,28.18,25.16,154.03,-76.86,yoo
128.37,-68.77,23.7,-75.53,13.13,60.7,27.94,25.17,154.43,-76.76,yoo
127.6,-68.71,24.5,-75.49,13.2,60.67,27.83,25.15,154.59,-76.43,yoo
126.85,-68.37,25.28,-75.3,13.47,60.64,28.01,25.1,154.45,-76.06,yoo
126.06,-68.11,26.61,-75.37,13.72,60.52,28.11,24.97,155.15,-75.87,yoo
125.67,-68.08,26.75,-75.52,13.69,60.38,28.1,24.82,155.27,-76.04,yoo
125.45,-68.05,27.07,-75.6,13.7,60.33,28.07,24.78,155.16,-76.06,yoo
125.01,-67.79,28.01,-75.41,13.86,60.42,28.08,24.86,155.34,-75.55,yoo
124.34,-67.53,29.36,-75.56,14.1,60.24,28.22,24.66,155.44,-75.45,yoo
124.27,-67.38,29.57,-75.9,14.29,59.98,28.34,24.38,156.21,-75.21,yoo
123.86,-67.22,30.06,-75.95,14.4,59.73,28.46,24.08,157.15,-75.07,yoo
124.22,-67.19,29.8,-75.39,14.16,59.84,28.61,23.97,156.85,-75.49,yoo
124.39,-67.54,29.03,-75.19,13.88,60.17,28.49,24.34,156.17,-75.81,yoo
124.46,-67.83,28.08,-74.99,13.74,60.23,28.23,24.47,155.72,-75.76,yoo
124.59,-68.25,28.01,-74.65,13.73,60.54,28.06,24.81,154.78,-75.27,yoo
124.01,-68.27,28.97,-74.71,14.04,60.62,28.06,24.98,154.58,-74.64,yoo
123.64,-68.15,29.48,-74.74,14.27,60.54,28.07,24.94,154.89,-74.12,yoo
122.8,-67.87,30.51,-74.85,14.66,60.38,28.18,24.82,155.06,-73.7,yoo
122.25,-67.59,31.45,-74.83,14.88,60.25,28.31,24.71,155.47,-73.37,yoo
122.3,-67.38,30.93,-75.08,15.29,59.89,28.73,24.27,155.46,-73.63,yoo
122.54,-67.45,29.54,-74.71,15.28,59.86,28.82,24.15,154.66,-73.94,yoo
122.89,-67.81,28.61,-74.69,14.98,59.93,28.57,24.23,154.94,-74.62,yoo
122.86,-68.11,27.73,-74.71,15.06,59.93,28.51,24.21,154.32,-75.25,yoo
123.09,-68.14,26.89,-74.66,14.68,59.96,28.13,24.3,155.12,-74.71,yoo
123.32,-67.37,26.35,-74.28,14.09,60.44,28.09,24.91,157.72,-74.75,yoo
124.88,-65.46,25.51,-74.24,12.65,60.92,28.01,25.67,160.85,-74.58,yoo
125.01,-63.9,28.18,-72.68,13.74,61.53,29.56,26.4,159.03,-74.02,yoo
120.76,-64.28,30.2,-70.47,17.53,61.33,31.77,26.26,154.96,-73.08,yoo
116.36,-66.1,31.08,-70.08,20.33,60.55,32.56,25.31,151.71,-72.44,yoo
115.13,-68.02,30.24,-71.42,20.58,59.61,31.5,24.19,152.09,-71.84,yoo
115.96,-68.67,26.68,-72.44,19.37,59.29,30.35,23.69,111.76,-71.85,yoo
117.35,-68.7,23.09,-72.86,17.66,59.48,29.43,23.92,117.38,-73.0,yoo
119.18,-67.61,20.53,-73.38,15.6,59.6,28.66,24.27,82.04,-73.67,yoo
120.65,-65.77,21.28,-73.62,15.24,59.6,29.33,24.39,89.25,-74.43,yoo
119.19,-65.19,24.99,-72.65,16.85,59.38,30.63,24.39,93.14,-73.68,yoo
116.6,-65.53,27.54,-71.79,18.87,58.96,31.53,23.96,96.24,-72.91,yoo
116.16,-66.61,27.65,-71.73,19.73,58.8,31.63,23.56,100.25,-72.52,yoo
116.94,-67.39,25.73,-72.03,19.13,58.89,31.01,23.45,104.52,-73.02,yoo
118.54,-67.45,23.81,-72.24,18.07,59.27,30.52,23.76,108.15,-74.19,yoo
119.54,-67.34,23.28,-72.25,17.6,59.68,30.35,24.18,111.9,-74.25,yoo
118.98,-67.22,24.39,-71.96,17.79,59.77,30.41,24.3,115.87,-73.86,yoo
118.7,-67.27,25.52,-71.7,17.99,59.9,30.42,24.47,118.84,-73.6,yoo
118.76,-67.28,25.95,-72.23,18.03,59.84,30.36,24.47,122.89,-73.23,yoo
118.25,-67.18,27.12,-72.27,17.94,59.89,30.22,24.6,126.92,-72.96,yoo
117.22,-67.02,28.89,-72.45,18.32,59.59,30.35,24.34,130.15,-72.49,yoo
116.63,-66.79,29.33,-72.56,18.59,59.24,30.46,23.91,133.78,-72.43,yoo
117.14,-66.47,29.93,-72.9,18.49,59.14,30.41,23.9,136.49,-72.51,yoo
117.94,-66.44,29.22,-72.92,18.64,59.11,30.67,23.74,139.35,-72.55,yoo
118.76,-66.32,28.45,-72.91,18.53,59.02,30.78,23.53,142.06,-73.01,yoo
119.62,-66.37,28.77,-73.15,18.31,59.1,30.72,23.6,143.53,-72.73,yoo
120.08,-66.39,27.69,-73.21,17.96,59.17,30.74,23.62,145.71,-73.61,yoo
120.78,-66.42,26.75,-73.14,17.51,59.47,30.59,23.88,147.09,-73.69,yoo
121.16,-66.63,26.16,-73.21,17.22,59.61,30.51,23.98,148.51,-74.2,yoo
121.77,-67.14,25.11,-73.28,16.93,59.68,30.42,24.02,148.58,-74.98,yoo
122.13,-67.35,25.08,-73.21,16.49,59.97,30.08,24.36,149.51,-75.0,yoo
122.31,-67.34,25.23,-73.12,16.46,60.14,30.03,24.54,150.36,-74.79,yoo
122.14,-67.33,25.29,-73.13,16.58,60.02,30.08,24.39,151.78,-74.56,yoo
122.41,-67.13,25.04,-73.13,16.5,59.96,30.03,24.33,152.88,-74.81,yoo
122.76,-67.2,24.4,-73.06,16.36,60.1,29.99,24.46,153.48,-74.87,yoo
122.87,-67.39,24.01,-73.0,16.14,60.29,29.85,24.67,153.36,-75.41,yoo
122.86,-67.46,23.9,-72.79,15.91,60.51,29.64,24.96,153.39,-75.24,yoo
122.33,-67.58,23.92,-72.57,15.87,60.66,29.43,25.18,153.99,-75.01,yoo
121.38,-67.7,24.78,-72.44,16.02,60.71,29.31,25.29,154.74,-74.49,yoo
120.35,-67.54,26.45,-72.68,16.43,60.38,29.32,25.06,155.73,-73.73,yoo
120.04,-67.41,27.32,-72.77,16.75,60.2,29.42,24.88,156.63,-73.39,yoo
120.46,-67.17,26.89,-72.74,16.99,60.04,29.67,24.65,157.48,-73.39,yoo
120.81,-66.99,26.66,-72.65,17.12,60.01,29.79,24.53,157.46,-73.16,yoo
121.49,-66.77,25.89,-72.75,17.12,59.97,29.99,24.36,157.69,-73.29,yoo
121.79,-67.12,25.51,-72.79,17.14,59.96,29.96,24.31,158.14,-73.13,yoo
122.15,-67.1,25.58,-72.59,17.0,60.18,29.87,24.55,158.04,-73.33,yoo
122.17,-67.36,25.81,-72.58,16.92,60.35,29.72,24.77,158.03,-73.48,yoo
121.9,-67.41,26.16,-72.77,16.92,60.22,29.63,24.71,157.91,-73.56,yoo
121.97,-67.25,26.13,-72.75,16.86,60.31,29.68,24.77,158.27,-73.7,yoo
122.28,-67.37,25.74,-72.55,16.81,60.38,29.74,24.82,157.45,-73.73,yoo
121.86,-67.42,25.9,-72.67,16.79,60.35,29.66,24.87,157.1,-73.69,yoo
121.38,-67.62,25.53,-72.63,17.13,60.22,29.76,24.71,156.84,-73.78,yoo
120.75,-67.15,27.21,-72.81,17.09,60.19,29.71,24.79,156.99,-73.3,yoo
120.3,-66.89,28.41,-72.81,17.17,60.25,29.79,24.87,156.53,-73.23,yoo
120.18,-66.52,28.95,-72.85,17.19,60.11,29.8,24.72,156.85,-73.09,yoo
120.73,-66.49,28.32,-72.91,17.22,59.9,29.91,24.39,156.25,-73.89,yoo
120.79,-66.5,28.38,-72.81,17.24,60.01,29.9,24.54,155.52,-73.67,yoo
120.53,-66.8,28.71,-72.8,17.25,60.05,29.78,24.61,155.62,-73.29,yoo
120.51,-66.83,28.53,-72.76,17.22,60.06,29.69,24.65,155.4,-73.23,yoo
119.72,-66.82,29.48,-72.72,17.61,59.95,29.83,24.53,155.82,-73.01,yoo
118.97,-66.86,29.77,-72.79,17.92,59.79,29.89,24.29,156.12,-72.85,yoo
119.1,-66.65,29.4,-72.64,17.85,59.9,29.93,24.33,156.35,-72.98,yoo
119.85,-66.66,28.72,-72.46,17.76,60.06,30.09,24.37,155.39,-73.53,yoo
119.99,-66.57,28.22,-72.42,17.72,60.1,30.15,24.39,154.34,-73.87,yoo
120.54,-66.63,27.58,-72.44,17.49,60.24,30.08,24.53,154.41,-73.98,yoo
120.81,-66.82,27.38,-72.5,17.26,60.35,29.93,24.71,153.88,-73.95,yoo
120.41,-66.65,27.82,-72.56,17.23,60.35,29.95,24.76,154.0,-73.63,yoo
119.47,-66.33,28.35,-72.28,18.0,60.28,30.56,24.54,152.98,-73.49,yoo
119.25,-66.72,28.78,-72.04,18.15,60.5,30.5,24.8,153.32,-72.82,yoo
119.61,-66.7,28.4,-71.25,18.9,61.86,30.74,26.44,152.69,-72.25,yoo
120.66,-67.32,27.85,-70.59,18.49,63.24,30.54,27.88,150.1,-71.98,yoo
121.63,-68.07,27.18,-69.92,18.71,63.6,30.74,28.2,147.59,-72.14,yoo
120.21,-68.83,27.65,-69.11,19.51,64.23,30.9,28.82,146.29,-70.88,yoo
121.23,-69.33,24.28,-68.08,18.87,65.73,30.84,30.15,145.22,-70.71,yoo
123.49,-69.25,21.11,-66.09,18.96,67.72,31.35,31.78,143.62,-70.55,yoo
126.36,-68.79,17.41,-63.89,18.43,70.05,31.99,33.82,135.7,-70.77,yoo
130.2,-69.22,16.32,-61.81,18.54,72.14,31.9,35.92,132.44,-70.09,yoo
134.28,-68.66,14.07,-59.46,19.65,74.57,33.14,38.17,128.24,-70.08,yoo
98.74,-69.06,12.25,-56.32,24.2,77.39,34.42,41.01,119.85,-68.93,yoo
67.27,-69.59,10.81,-54.24,29.36,78.89,35.24,42.78,112.46,-68.65,yoo
38.61,-70.4,10.28,-53.39,33.76,79.2,35.93,43.37,107.41,-68.64,yoo
50.86,-71.22,9.36,-53.37,36.44,79.2,36.74,43.52,102.72,-69.49,yoo
21.7,-72.17,8.76,-53.51,39.63,79.12,37.07,43.75,96.71,-69.98,yoo
-5.67,-73.2,8.24,-53.9,41.49,78.58,36.9,43.43,93.32,-70.82,yoo
8.26,-73.65,7.97,-54.87,41.73,77.99,36.93,42.96,90.89,-71.79,yoo
22.91,-73.83,7.3,-55.06,43.26,77.86,37.47,42.87,88.08,-72.98,yoo
-4.09,-74.5,6.68,-55.05,45.66,77.49,37.74,42.59,84.9,-73.87,yoo
11.01,-75.43,6.76,-56.19,43.38,76.64,36.43,42.07,81.92,-74.92,yoo
25.1,-75.53,6.87,-56.62,43.12,76.21,36.43,41.71,81.07,-75.41,yoo
39.01,-75.48,7.15,-57.17,43.03,75.63,36.54,41.03,81.52,-76.21,yoo
50.54,-74.97,7.7,-57.68,42.5,75.18,36.87,40.59,83.13,-76.9,yoo
61.73,-75.08,8.34,-57.9,42.66,75.02,37.4,40.51,82.46,-77.42,yoo
72.15,-75.95,8.8,-57.5,43.25,74.99,37.54,40.63,80.93,-76.82,yoo
82.22,-76.77,9.21,-57.35,44.31,74.88,37.84,40.59,78.86,-76.35,yoo
90.52,-77.17,9.71,-57.9,44.32,74.13,37.78,39.85,80.26,-76.82,yoo
97.89,-77.71,9.77,-58.27,44.59,73.81,38.0,39.53,79.63,-76.96,yoo
104.27,-78.5,10.13,-59.33,44.33,72.67,37.73,38.39,81.64,-77.59,yoo
109.08,-78.47,10.52,-60.54,43.0,71.57,37.37,37.27,83.99,-78.27,yoo
113.71,-78.55,10.7,-60.88,41.99,71.0,37.01,36.67,84.73,-78.39,yoo
117.56,-78.47,11.68,-61.46,40.7,70.38,36.47,36.1,87.56,-78.25,yoo
120.4,-78.07,12.2,-61.9,40.0,69.95,36.66,35.57,89.62,-78.27,yoo
123.63,-78.19,12.86,-62.16,39.1,69.71,36.46,35.29,91.16,-78.05,yoo
126.39,-77.98,13.17,-62.58,37.86,69.54,36.24,35.06,92.65,-77.99,yoo
128.88,-77.64,13.91,-62.95,36.41,69.27,35.9,34.8,94.97,-77.91,yoo
131.25,-77.28,14.34,-63.09,35.36,69.1,35.76,34.56,96.29,-77.95,yoo
132.75,-77.04,15.0,-63.05,34.38,69.11,35.54,34.53,98.01,-77.44,yoo
134.51,-77.03,15.65,-62.78,33.78,69.25,35.48,34.6,99.98,-76.97,yoo
135.9,-76.73,16.29,-62.86,33.14,69.23,35.38,34.6,100.72,-76.94,yoo
136.89,-76.33,16.6,-62.93,32.62,69.04,35.47,34.34,102.79,-77.06,yoo
138.07,-76.26,16.58,-62.97,31.76,69.11,35.31,34.35,102.49,-77.27,yoo
139.5,-75.97,16.7,-62.91,30.91,69.25,35.16,34.43,103.47,-77.15,yoo
140.67,-75.64,16.97,-62.77,30.5,69.34,35.2,34.46,104.6,-76.85,yoo
141.82,-75.53,16.91,-62.64,29.93,69.46,35.2,34.53,105.0,-76.73,yoo
142.05,-75.4,17.27,-62.66,29.67,69.4,35.19,34.41,105.9,-76.45,yoo
142.16,-75.09,17.67,-62.71,29.56,69.33,35.3,34.27,107.49,-76.13,yoo
142.1,-74.84,17.75,-62.48,29.67,69.33,35.46,34.23,108.81,-75.81,yoo
142.48,-74.55,17.74,-62.48,29.62,69.3,35.66,34.11,109.58,-75.75,yoo
142.83,-74.3,17.69,-62.52,29.24,69.36,35.62,34.16,110.06,-75.76,yoo
142.8,-74.32,17.87,-62.44,29.05,69.4,35.5,34.23,109.98,-75.44,yoo
142.67,-74.33,18.24,-62.47,28.84,69.32,35.42,34.16,110.9,-75.25,yoo
142.82,-74.35,18.01,-62.41,28.49,69.38,35.29,34.21,111.18,-75.38,yoo
142.89,-74.43,18.04,-62.36,28.27,69.45,35.13,34.24,111.55,-75.2,yoo
142.54,-74.39,18.08,-62.3,28.06,69.52,35.04,34.3,111.35,-75.2,yoo
141.65,-74.38,18.46,-62.31,28.1,69.49,35.03,34.3,111.85,-75.01,yoo
140.69,-74.27,19.15,-62.59,28.29,69.14,35.1,33.97,113.24,-74.92,yoo
140.72,-73.94,19.02,-62.62,28.12,69.08,35.23,33.86,113.57,-75.09,yoo
139.91,-73.82,19.19,-62.54,28.03,69.2,35.21,33.98,113.41,-74.88,yoo
139.64,-73.83,19.15,-62.48,28.08,69.23,35.13,34.02,113.65,-74.71,yoo
139.51,-73.57,18.98,-62.5,27.91,69.27,35.17,34.02,113.2,-74.81,yoo
139.24,-73.53,19.22,-62.54,27.88,69.26,35.2,34.02,113.17,-74.92,yoo
138.58,-73.58,19.27,-62.43,27.83,69.3,35.1,34.1,112.96,-74.79,yoo
138.14,-73.43,19.25,-62.51,27.71,69.32,35.06,34.11,112.94,-74.79,yoo
137.95,-73.15,19.43,-62.7,27.73,69.26,35.15,34.01,113.6,-74.95,yoo
137.62,-73.09,19.57,-62.81,27.67,69.1,35.15,33.84,114.36,-75.02,yoo
137.71,-72.93,19.45,-62.89,27.49,69.1,35.18,33.83,114.12,-75.13,yoo
137.6,-73.05,19.6,-62.81,27.43,69.2,35.09,33.94,113.64,-75.13,yoo
136.94,-73.07,19.67,-62.78,27.28,69.23,34.91,33.99,113.39,-74.94,yoo
136.69,-73.05,19.7,-62.77,27.44,69.21,34.98,33.96,113.97,-75.11,yoo
136.42,-73.21,19.65,-62.56,27.4,69.4,34.88,34.19,112.93,-75.04,yoo
135.97,-73.37,19.83,-62.47,27.47,69.47,34.83,34.28,112.67,-74.87,yoo
135.85,-73.16,19.79,-62.61,27.48,69.36,34.97,34.13,113.6,-75.03,yoo
135.66,-73.05,19.56,-62.7,27.44,69.34,35.02,34.11,113.66,-75.2,yoo
135.45,-73.12,19.54,-62.78,27.35,69.31,34.94,34.09,113.72,-75.28,yoo
135.1,-73.05,19.59,-62.79,27.28,69.23,34.81,34.03,113.81,-75.26,yoo
135.22,-72.98,19.41,-62.74,27.43,69.16,34.91,33.93,114.02,-75.36,yoo
135.23,-72.89,19.2,-62.68,27.56,69.13,35.02,33.85,114.22,-75.36,yoo
135.15,-72.87,18.81,-62.63,27.57,69.17,35.08,33.89,114.0,-75.6,yoo
134.99,-73.15,18.79,-62.57,27.37,69.27,34.9,34.03,112.8,-75.59,yoo
134.59,-73.21,19.11,-62.46,27.54,69.2,34.86,33.96,112.99,-75.38,yoo
133.83,-73.17,19.24,-62.24,27.87,69.25,34.99,34.0,113.27,-75.3,yoo
133.3,-73.2,19.41,-62.16,28.1,69.32,35.1,34.06,113.78,-75.14,yoo
133.25,-73.08,19.23,-62.16,28.09,69.34,35.25,34.08,113.73,-75.32,yoo
133.44,-73.0,18.84,-62.18,27.85,69.48,35.25,34.21,112.72,-75.62,yoo
133.29,-73.06,18.68,-62.23,27.67,69.5,35.08,34.28,111.3,-75.69,yoo
132.83,-73.32,18.8,-62.24,27.65,69.48,34.91,34.36,110.42,-75.35,yoo
131.83,-73.56,19.18,-62.26,27.69,69.45,34.74,34.42,110.87,-75.1,yoo
131.45,-73.62,19.45,-62.33,27.79,69.4,34.62,34.45,111.34,-74.83,yoo
130.5,-73.59,20.02,-62.49,28.2,69.2,34.77,34.29,112.52,-74.75,yoo
130.29,-73.48,20.13,-62.56,28.36,69.1,34.84,34.15,113.07,-74.73,yoo
130.17,-73.33,20.26,-62.69,28.28,69.03,34.82,34.06,113.68,-74.84,yoo
130.23,-73.41,20.05,-62.68,28.33,69.06,34.83,34.09,113.46,-74.91,yoo
129.95,-73.5,20.15,-62.57,28.54,69.09,34.88,34.11,112.98,-74.79,yoo
130.34,-73.54,19.82,-62.48,28.31,69.23,34.8,34.24,112.16,-74.87,yoo
130.42,-73.48,19.72,-62.51,28.48,69.15,34.89,34.12,112.24,-74.95,yoo
130.5,-73.29,19.47,-62.61,28.44,69.17,34.97,34.09,112.28,-75.06,yoo
130.81,-73.2,19.29,-62.74,28.28,69.05,34.99,33.95,112.5,-75.37,yoo
130.97,-73.24,18.93,-62.8,28.3,68.94,35.03,33.82,111.77,-75.69,yoo
131.52,-73.37,18.66,-62.67,27.99,69.09,34.84,33.97,111.41,-75.64,yoo
131.4,-73.64,18.96,-62.46,28.14,69.31,34.81,34.29,110.29,-75.28,yoo
131.7,-74.23,19.06,-62.55,28.53,69.35,34.74,34.45,110.31,-74.77,yoo
131.49,-74.17,19.09,-62.7,28.43,69.35,34.68,34.45,110.09,-74.77,yoo
131.08,-73.95,19.34,-63.03,28.31,69.04,34.72,34.16,111.56,-75.05,yoo
130.51,-73.67,19.69,-63.07,28.38,68.79,34.72,33.92,111.78,-75.13,yoo
130.67,-73.72,19.7,-63.09,28.45,68.73,34.8,33.83,111.85,-75.2,yoo
130.69,-73.62,19.57,-63.16,28.23,68.66,34.73,33.72,112.34,-75.33,yoo
131.01,-73.69,19.26,-63.13,28.03,68.73,34.71,33.76,112.0,-75.45,yoo
131.09,-73.73,19.39,-63.0,27.96,68.85,34.67,33.9,111.35,-75.32,yoo
130.92,-73.84,19.41,-62.93,28.04,68.8,34.64,33.87,111.57,-75.23,yoo
130.76,-73.78,19.77,-62.78,28.27,68.82,34.73,33.91,111.48,-75.12,yoo
130.65,-73.78,19.76,-62.79,28.18,68.9,34.76,34.05,111.47,-75.09,yoo
130.4,-73.67,19.84,-62.92,28.24,68.8,34.86,33.94,112.36,-75.17,yoo
130.16,-73.51,19.89,-62.97,28.23,68.72,34.93,33.92,112.67,-75.12,yoo
130.01,-73.41,19.79,-63.07,28.19,68.67,34.96,33.83,112.85,-75.38,yoo
130.22,-73.38,19.86,-63.19,28.1,68.64,34.96,33.76,113.21,-75.64,yoo
130.54,-73.31,19.39,-63.06,28.08,68.64,35.0,33.71,112.98,-75.83,yoo
130.45,-73.26,19.33,-62.98,28.14,68.63,35.05,33.7,113.28,-75.81,yoo
130.78,-73.43,19.05,-62.89,27.82,68.78,34.81,33.87,112.75,-75.88,yoo
130.65,-73.54,18.93,-62.76,27.79,68.8,34.69,33.91,112.12,-75.89,yoo
129.79,-73.33,19.57,-62.82,27.97,68.77,34.76,33.91,112.92,-75.82,yoo
129.48,-73.21,19.65,-62.82,28.01,68.7,34.83,33.81,113.09,-75.92,yoo
129.54,-73.26,19.73,-62.71,28.08,68.78,34.82,33.86,113.17,-75.78,yoo
129.18,-73.13,19.5,-62.48,27.92,68.96,34.87,33.97,113.19,-75.73,yoo
129.11,-73.21,19.55,-62.33,27.92,69.04,34.84,34.09,112.39,-75.58,yoo
128.32,-73.17,20.01,-62.44,27.92,69.03,34.81,34.12,112.73,-75.41,yoo
127.6,-72.86,20.76,-62.42,28.37,68.86,35.07,34.02,113.53,-74.93,yoo
127.71,-72.98,20.88,-62.46,28.66,68.82,35.13,33.97,114.21,-74.86,yoo
127.9,-72.92,20.55,-62.52,28.66,68.73,35.19,33.84,114.41,-74.97,yoo
128.84,-73.08,19.99,-62.43,28.4,68.86,35.05,33.95,113.41,-75.14,yoo
128.92,-73.17,20.15,-62.38,28.26,68.91,34.94,34.05,112.84,-75.07,yoo
128.81,-73.26,20.51,-62.36,28.36,68.98,34.94,34.17,113.12,-74.81,yoo
128.68,-73.15,20.62,-62.46,28.32,68.9,34.93,34.09,113.8,-74.83,yoo
129.39,-72.92,20.23,-62.48,28.28,68.96,35.06,34.11,113.51,-75.01,yoo
129.6,-73.0,19.98,-62.55,28.05,68.97,34.98,34.14,112.83,-75.36,yoo
130.0,-73.16,19.5,-62.37,27.92,69.17,34.82,34.36,111.27,-75.35,yoo
129.48,-73.25,19.77,-62.29,27.97,69.13,34.68,34.37,111.4,-74.99,yoo
128.74,-73.35,20.33,-62.19,28.32,69.23,34.76,34.5,111.42,-74.6,yoo
128.46,-73.47,20.38,-62.29,28.27,69.22,34.75,34.51,111.43,-74.49,yoo
127.94,-73.25,20.77,-62.45,28.36,69.24,34.81,34.56,111.96,-74.29,yoo
127.82,-73.06,20.91,-62.57,28.48,69.11,34.85,34.43,112.66,-74.29,yoo
127.83,-72.77,21.19,-62.76,28.59,68.9,35.08,34.18,113.63,-74.52,yoo
127.88,-72.7,21.15,-62.79,28.85,68.79,35.33,34.02,113.71,-74.66,yoo
128.43,-72.74,20.61,-62.93,28.57,68.8,35.22,33.96,114.06,-74.88,yoo
129.05,-72.84,20.41,-63.08,28.15,68.75,35.04,33.95,113.81,-75.12,yoo
129.14,-73.12,20.27,-62.94,28.28,68.83,35.03,34.05,113.0,-75.04,yoo
129.39,-73.37,19.99,-62.9,28.29,68.83,34.85,34.02,113.05,-75.03,yoo
129.24,-73.31,20.14,-62.86,28.38,68.76,34.85,33.98,113.57,-74.91,yoo
129.15,-73.27,20.28,-62.91,28.39,68.72,34.98,33.95,113.65,-74.88,yoo
129.25,-73.24,20.2,-62.95,28.52,68.65,35.07,33.86,113.77,-74.94,yoo
129.79,-73.22,19.72,-62.97,28.37,68.68,35.08,33.87,113.16,-75.23,yoo
129.57,-73.41,19.81,-62.75,28.39,68.72,34.99,33.93,112.32,-75.17,yoo
129.24,-73.59,20.21,-62.56,28.46,68.8,34.95,34.02,111.8,-74.98,yoo
128.62,-73.55,20.66,-62.47,28.69,68.81,34.97,34.03,111.97,-74.79,yoo
127.7,-73.46,20.9,-62.51,28.79,68.79,35.05,34.07,112.16,-74.6,yoo
126.99,-73.39,21.04,-62.49,28.88,68.76,35.11,34.09,112.49,-74.37,yoo
126.46,-73.26,21.4,-62.76,28.92,68.54,35.16,33.88,113.9,-74.39,yoo
127.39,-73.22,20.68,-62.69,28.71,68.61,35.16,33.9,113.09,-74.69,yoo
128.09,-73.05,19.94,-62.63,28.55,68.64,35.31,33.84,112.87,-75.11,yoo
128.66,-73.14,19.56,-62.48,28.4,68.7,35.26,33.87,112.6,-75.28,yoo
129.18,-73.3,19.27,-62.41,28.11,68.83,35.11,33.98,111.98,-75.38,yoo
129.7,-73.36,18.95,-62.35,28.01,68.91,35.0,34.08,108.32,-75.25,yoo
129.6,-73.29,18.87,-62.15,28.06,69.0,35.0,34.19,107.77,-75.63,yoo
128.78,-73.14,19.96,-62.11,28.29,68.99,35.14,34.19,108.12,-75.3,yoo
128.49,-73.27,19.96,-61.99,28.38,69.08,35.11,34.32,107.82,-74.96,yoo
127.96,-73.26,20.22,-61.99,28.5,69.09,35.12,34.37,108.14,-74.49,yoo
127.37,-73.14,20.47,-62.21,28.74,68.96,35.23,34.26,109.44,-74.44,yoo
127.17,-73.04,20.6,-62.36,28.94,68.82,35.36,34.14,110.34,-74.35,yoo
127.18,-72.91,20.71,-62.56,28.87,68.75,35.35,34.07,110.91,-74.32,yoo
127.25,-72.82,20.8,-62.62,28.85,68.61,35.37,33.96,111.38,-74.4,yoo
127.12,-72.87,21.24,-62.74,29.12,68.46,35.46,33.83,112.13,-74.31,yoo
127.71,-72.78,20.68,-62.88,29.06,68.32,35.52,33.58,113.09,-74.69,yoo
128.35,-72.78,20.33,-63.03,28.89,68.14,35.6,33.34,114.03,-75.24,yoo
128.4,-72.91,20.24,-62.97,28.85,68.24,35.6,33.47,112.56,-75.35,yoo
129.05,-73.08,19.83,-62.96,28.45,68.28,35.29,33.51,112.16,-75.49,yoo
129.09,-73.16,19.74,-62.97,28.31,68.3,35.16,33.57,112.71,-75.35,yoo
128.75,-73.33,20.03,-62.8,28.58,68.27,35.17,33.55,112.4,-75.16,yoo
129.0,-73.44,19.97,-62.77,28.66,68.21,35.12,33.45,112.64,-75.11,yoo
129.47,-73.37,19.66,-62.73,28.64,68.21,35.14,33.4,113.04,-75.2,yoo
129.59,-73.67,19.59,-62.46,28.83,68.32,35.21,33.51,111.95,-75.14,yoo
129.03,-73.92,19.5,-62.26,28.93,68.45,35.08,33.6,111.3,-75.07,yoo
128.78,-73.76,19.59,-62.32,28.93,68.45,35.09,33.57,112.12,-74.99,yoo
128.66,-73.54,19.82,-62.23,29.17,68.5,35.32,33.62,112.11,-74.86,yoo
128.37,-73.46,20.0,-62.16,29.4,68.58,35.43,33.7,111.51,-74.71,yoo
128.26,-73.44,19.8,-62.23,29.07,68.64,35.28,33.81,111.19,-74.86,yoo
127.66,-73.45,20.15,-62.26,29.21,68.61,35.31,33.84,111.57,-74.63,yoo
126.73,-73.67,20.56,-62.23,29.46,68.49,35.34,33.79,111.94,-74.22,yoo
126.65,-73.58,20.76,-62.36,29.62,68.36,35.35,33.68,112.52,-74.19,yoo
127.06,-73.4,20.5,-62.44,29.57,68.3,35.45,33.59,112.64,-74.17,yoo
127.73,-73.33,19.88,-62.38,29.49,68.35,35.53,33.55,112.58,-74.37,yoo
128.13,-73.18,19.36,-62.48,29.22,68.36,35.47,33.53,112.49,-74.63,yoo
128.5,-73.06,19.23,-62.42,29.03,68.47,35.45,33.65,112.18,-74.84,yoo
128.77,-73.33,19.12,-62.37,28.84,68.58,35.31,33.81,111.41,-74.85,yoo
128.96,-73.5,19.17,-62.34,28.54,68.66,35.03,33.93,111.21,-74.74,yoo
128.17,-73.54,19.8,-62.33,28.83,68.62,35.1,33.95,111.7,-74.39,yoo
127.7,-73.56,19.99,-62.34,29.21,68.53,35.23,33.83,112.63,-74.53,yoo
128.36,-73.47,19.6,-62.5,28.73,68.61,35.08,33.86,112.67,-74.72,yoo
128.79,-73.23,19.35,-62.46,28.6,68.64,35.14,33.85,112.69,-74.99,yoo
128.68,-73.36,19.56,-62.49,28.53,68.7,35.1,33.96,111.77,-75.01,yoo
128.26,-73.43,19.81,-62.47,28.54,68.69,34.97,34.02,111.76,-74.74,yoo
127.54,-73.45,20.41,-62.46,28.81,68.62,35.06,33.97,112.37,-74.5,yoo
127.03,-73.44,20.85,-62.55,29.12,68.45,35.18,33.77,113.44,-74.26,yoo
126.89,-73.32,20.92,-62.49,29.13,68.44,35.26,33.72,114.05,-74.25,yoo
126.98,-73.21,20.9,-62.42,29.03,68.58,35.24,33.82,113.62,-74.36,yoo
126.94,-73.09,21.27,-62.5,28.95,68.56,35.27,33.85,113.43,-74.37,yoo
126.76,-73.02,21.48,-62.54,29.0,68.51,35.32,33.81,113.63,-74.24,yoo
126.86,-72.91,21.63,-62.72,29.06,68.35,35.46,33.62,114.32,-74.32,yoo
126.62,-72.98,21.99,-62.73,29.24,68.25,35.55,33.55,114.52,-74.12,yoo
127.1,-73.28,21.44,-62.58,29.29,68.34,35.49,33.62,113.42,-74.2,yoo
127.67,-73.41,20.93,-62.69,28.76,68.38,35.2,33.66,113.26,-74.47,yoo
127.49,-73.49,20.9,-62.5,28.9,68.42,35.19,33.73,113.22,-74.39,yoo
126.7,-73.31,21.3,-62.42,29.25,68.4,35.33,33.68,113.58,-74.48,yoo
127.18,-73.15,21.22,-62.48,29.27,68.34,35.47,33.62,114.13,-74.52,yoo
127.41,-73.12,21.16,-62.57,29.37,68.36,35.68,33.65,114.14,-74.53,yoo
127.56,-73.41,20.67,-62.52,29.3,68.49,35.63,33.76,113.26,-74.62,yoo
127.22,-73.57,20.81,-62.66,28.95,68.55,35.39,33.87,112.8,-74.59,yoo
127.44,-73.61,20.73,-62.68,28.87,68.64,35.25,33.96,112.39,-74.62,yoo
127.37,-73.6,21.01,-62.79,28.92,68.47,35.3,33.83,112.61,-74.72,yoo
126.63,-73.64,21.33,-62.66,29.27,68.39,35.39,33.74,112.74,-74.51,yoo
126.9,-73.56,21.05,-62.65,29.3,68.34,35.33,33.66,113.51,-74.54,yoo
127.72,-73.23,20.6,-62.61,29.35,68.29,35.54,33.55,114.27,-74.93,yoo
127.42,-73.13,20.91,-62.48,29.63,68.27,35.77,33.57,113.93,-74.76,yoo
127.21,-73.55,20.93,-62.27,29.96,68.37,35.81,33.66,113.17,-74.46,yoo
128.1,-73.83,19.92,-62.16,29.52,68.63,35.45,33.88,112.21,-74.6,yoo
128.71,-73.65,19.52,-62.21,28.89,68.81,35.22,34.09,111.34,-74.91,yoo
128.13,-73.51,19.95,-62.32,28.95,68.78,35.26,34.13,111.78,-74.79,yoo
126.98,-73.28,20.83,-62.75,29.14,68.27,35.27,33.73,113.53,-74.64,yoo
126.05,-72.96,21.66,-62.79,29.54,68.08,35.58,33.61,114.28,-74.29,yoo
126.03,-73.17,21.62,-62.74,29.8,68.04,35.66,33.53,114.21,-74.53,yoo
126.68,-73.19,21.06,-62.91,29.3,67.98,35.47,33.43,113.81,-75.04,yoo
126.86,-72.91,20.94,-63.02,28.89,67.94,35.34,33.37,114.24,-75.08,yoo
127.11,-72.75,21.04,-62.95,28.97,67.89,35.42,33.31,114.25,-75.06,yoo
127.42,-72.73,21.15,-63.06,28.93,67.87,35.48,33.25,114.52,-75.08,yoo
127.19,-72.82,21.4,-62.91,29.15,67.82,35.56,33.2,114.5,-74.83,yoo
127.29,-73.06,21.25,-62.71,29.36,67.95,35.6,33.24,113.58,-74.8,yoo
127.69,-73.23,20.59,-62.72,28.92,68.07,35.26,33.32,112.57,-75.06,yoo
128.11,-73.07,20.37,-62.77,28.52,68.19,35.18,33.43,112.79,-75.15,yoo
127.86,-72.94,20.9,-62.62,28.92,68.16,35.46,33.43,113.3,-75.08,yoo
127.09,-73.17,21.24,-62.56,29.19,68.13,35.5,33.4,113.07,-74.91,yoo
127.06,-73.24,21.18,-62.6,29.08,68.21,35.42,33.45,112.85,-74.77,yoo
126.95,-72.82,21.47,-62.61,29.0,68.19,35.63,33.66,113.19,-74.73,yoo
126.3,-72.55,21.87,-62.46,29.48,68.19,35.86,33.69,112.6,-74.84,yoo
126.65,-72.63,21.66,-62.62,29.3,68.27,35.78,33.76,111.69,-74.79,yoo
127.26,-72.56,21.18,-62.87,28.67,68.37,35.58,33.86,111.51,-75.01,yoo
126.89,-72.7,21.38,-62.92,28.68,68.48,35.56,34.03,111.48,-74.71,yoo
126.17,-72.89,21.55,-62.84,28.88,68.3,35.49,33.89,112.1,-74.6,yoo
125.49,-72.84,21.68,-62.96,28.9,68.24,35.48,33.87,112.79,-74.46,yoo
125.03,-72.82,22.16,-63.0,29.09,68.22,35.5,33.86,112.71,-74.23,yoo
124.43,-72.63,22.63,-63.06,28.95,67.96,35.42,33.67,113.34,-74.26,yoo
125.19,-72.54,22.29,-63.15,28.85,67.98,35.46,33.62,113.69,-74.49,yoo
125.64,-72.7,21.97,-63.14,28.8,67.95,35.44,33.58,112.86,-74.73,yoo
125.56,-72.83,21.89,-63.12,28.83,67.98,35.38,33.62,112.99,-74.56,yoo
125.85,-72.88,22.26,-63.07,28.67,67.97,35.26,33.58,113.66,-74.41,yoo
125.9,-72.93,22.36,-62.96,28.97,67.94,35.46,33.52,113.95,-74.34,yoo
126.33,-73.27,22.06,-62.9,28.92,68.07,35.37,33.61,113.0,-74.37,yoo
126.82,-73.31,21.39,-62.86,28.49,68.18,35.16,33.64,112.77,-74.68,yoo
126.73,-73.35,21.47,-62.78,28.67,68.28,35.18,33.74,112.65,-74.53,yoo
126.6,-73.22,21.37,-62.78,28.85,68.11,35.31,33.52,113.06,-74.61,yoo
126.63,-73.07,21.45,-62.85,28.91,68.12,35.37,33.48,113.27,-74.48,yoo
126.34,-73.11,21.53,-62.78,28.99,68.17,35.46,33.54,112.78,-74.44,yoo
125.73,-73.16,21.76,-62.79,29.1,68.12,35.44,33.47,113.3,-74.34,yoo
125.11,-73.13,22.09,-62.7,29.31,68.12,35.48,33.47,113.76,-74.05,yoo
124.77,-72.89,22.39,-62.77,29.42,68.01,35.55,33.36,114.65,-74.02,yoo
125.28,-72.71,22.24,-62.84,29.48,67.9,35.71,33.2,115.21,-74.22,yoo
125.44,-72.48,22.15,-62.91,29.55,67.72,35.87,32.97,115.89,-74.26,yoo
125.24,-72.55,22.12,-62.69,29.6,67.84,35.93,33.1,115.51,-74.27,yoo
125.23,-72.88,22.11,-62.61,29.55,67.98,35.72,33.27,115.24,-73.96,yoo
125.39,-73.02,22.05,-62.54,29.44,68.11,35.58,33.4,114.95,-73.77,yoo
125.54,-72.94,22.32,-62.6,29.66,68.08,35.68,33.34,115.45,-73.73,yoo
125.16,-72.77,22.66,-62.75,29.79,67.96,35.81,33.24,116.4,-73.57,yoo
125.28,-72.73,22.48,-62.77,29.98,67.85,35.94,33.1,116.63,-73.69,yoo
125.62,-72.77,22.42,-62.86,29.67,67.8,35.79,33.08,116.14,-73.83,yoo
125.56,-73.16,22.62,-62.65,29.81,67.97,35.75,33.28,115.19,-73.63,yoo
125.18,-73.27,22.56,-62.72,29.79,67.92,35.65,33.26,115.02,-73.57,yoo
125.9,-73.3,22.24,-62.82,29.48,68.01,35.56,33.32,114.94,-73.92,yoo
125.87,-73.34,22.34,-62.81,29.43,68.06,35.55,33.36,114.67,-74.08,yoo
125.41,-73.36,22.6,-62.82,29.43,68.06,35.56,33.39,114.34,-73.98,yoo
125.6,-73.33,22.56,-62.78,29.43,68.04,35.55,33.37,114.08,-73.96,yoo
125.3,-73.38,22.84,-62.73,29.52,68.04,35.6,33.43,113.73,-73.81,yoo
124.98,-73.65,22.66,-62.58,29.77,68.06,35.63,33.42,113.59,-73.66,yoo
125.48,-73.57,22.32,-62.64,29.66,68.08,35.65,33.42,113.9,-73.86,yoo
125.33,-73.57,22.37,-62.47,29.61,68.18,35.63,33.54,113.57,-73.88,yoo
125.21,-73.66,22.4,-62.25,29.89,68.19,35.71,33.56,113.24,-73.69,yoo
124.93,-73.41,22.6,-62.4,30.05,68.17,35.86,33.46,113.19,-73.72,yoo
124.89,-73.19,22.85,-62.72,29.99,67.96,35.95,33.31,113.43,-73.83,yoo
124.78,-73.17,22.56,-62.83,30.23,67.87,36.18,33.19,113.58,-73.75,yoo
124.57,-73.32,22.38,-62.91,30.2,67.78,36.14,33.06,114.04,-73.94,yoo
124.92,-73.29,21.94,-63.08,29.74,67.77,35.97,33.03,113.94,-74.2,yoo
125.62,-73.06,21.64,-63.11,29.69,67.7,36.08,32.91,113.54,-74.45,yoo
125.45,-73.35,21.7,-63.0,29.66,67.79,35.95,33.04,112.82,-74.41,yoo
125.7,-73.48,21.49,-62.9,29.44,67.9,35.81,33.16,112.14,-74.53,yoo
124.98,-73.56,21.92,-62.94,29.46,67.88,35.76,33.21,112.31,-74.17,yoo
124.47,-73.81,22.2,-62.86,29.64,67.96,35.72,33.36,112.11,-73.9,yoo
124.11,-73.76,22.65,-63.06,29.53,67.82,35.63,33.23,113.09,-73.85,yoo
123.94,-73.43,22.73,-63.16,29.6,67.75,35.78,33.14,113.86,-73.88,yoo
123.94,-73.31,22.6,-63.24,29.53,67.68,35.81,33.05,114.4,-74.03,yoo
123.76,-73.21,22.69,-63.29,29.55,67.49,35.81,32.88,114.73,-74.44,yoo
123.27,-73.23,23.17,-63.27,29.82,67.38,35.92,32.8,114.91,-74.04,yoo
123.34,-73.25,22.86,-63.12,29.85,67.46,35.9,32.84,113.91,-74.26,yoo
123.84,-73.42,22.37,-63.1,29.5,67.61,35.71,32.99,113.35,-74.42,yoo
123.79,-73.55,22.41,-62.99,29.36,67.76,35.63,33.18,112.8,-74.37,yoo
123.57,-73.78,22.29,-62.89,29.34,67.89,35.47,33.38,112.46,-74.24,yoo
122.63,-73.89,22.74,-62.84,29.41,67.96,35.36,33.5,112.71,-73.99,yoo
122.11,-73.87,23.17,-62.73,29.79,67.95,35.45,33.52,113.11,-73.68,yoo
121.36,-73.61,23.76,-62.82,30.11,67.78,35.58,33.37,113.8,-73.43,yoo
122.05,-73.23,23.64,-62.86,30.21,67.66,35.79,33.15,114.56,-73.59,yoo
122.65,-73.1,23.23,-62.9,30.28,67.58,35.97,32.99,114.82,-73.86,yoo
123.23,-72.87,22.79,-62.99,30.01,67.54,36.01,32.93,114.92,-74.09,yoo
123.93,-72.79,22.26,-62.83,29.94,67.67,36.13,33.01,114.42,-74.18,yoo
124.24,-72.99,21.96,-62.78,29.91,67.79,36.13,33.13,113.94,-74.2,yoo
124.97,-73.17,21.47,-62.72,29.62,68.01,35.94,33.35,112.41,-74.46,yoo
125.24,-73.34,21.12,-62.56,29.45,68.19,35.83,33.52,111.31,-74.39,yoo
125.16,-73.43,21.12,-62.55,29.23,68.24,35.7,33.6,111.24,-74.48,yoo
124.31,-73.37,21.63,-62.62,29.38,68.24,35.73,33.65,111.53,-74.39,yoo
123.57,-73.27,22.15,-62.77,29.56,68.07,35.78,33.57,112.22,-74.27,yoo
122.62,-73.15,22.8,-62.82,29.82,67.87,35.9,33.45,112.92,-74.03,yoo
122.58,-73.25,22.93,-62.86,29.97,67.8,35.94,33.41,113.02,-73.85,yoo
122.69,-73.4,22.68,-62.92,29.77,67.74,35.8,33.38,112.37,-74.41,yoo
122.72,-73.65,22.72,-62.94,29.65,67.73,35.62,33.4,112.52,-74.04,yoo
122.62,-73.85,22.78,-62.85,29.63,67.82,35.5,33.56,111.95,-73.86,yoo
122.13,-73.85,22.99,-63.09,29.72,67.63,35.48,33.38,112.9,-73.91,yoo
122.34,-73.62,23.39,-63.13,29.69,67.54,35.45,33.27,113.53,-73.71,yoo
122.14,-73.34,23.54,-63.08,30.11,67.47,35.97,33.09,113.26,-73.94,yoo
122.55,-73.44,22.82,-62.93,30.35,67.54,36.18,33.11,112.87,-73.92,yoo
123.7,-73.48,22.22,-63.19,29.52,67.55,35.88,33.05,113.02,-74.52,yoo
123.57,-73.43,22.57,-63.19,29.37,67.46,35.8,33.03,112.96,-74.64,yoo
122.74,-73.65,23.11,-62.85,29.82,67.48,35.95,33.09,113.3,-74.08,yoo
122.31,-73.64,23.49,-62.77,29.88,67.42,35.86,33.07,112.98,-74.31,yoo
122.02,-73.79,23.67,-62.83,29.94,67.33,35.83,32.99,113.35,-74.03,yoo
122.52,-73.7,23.27,-62.83,30.03,67.38,35.85,32.96,113.76,-74.07,yoo
122.54,-73.82,23.37,-62.79,30.08,67.35,35.81,32.94,114.62,-74.01,yoo
121.38,-73.71,23.87,-62.71,30.35,67.32,35.86,32.96,115.34,-73.69,yoo
121.3,-73.52,24.2,-62.72,30.66,67.14,36.12,32.74,116.13,-73.82,yoo
121.51,-73.41,24.05,-62.74,30.61,67.01,36.12,32.58,116.44,-73.83,yoo
122.03,-73.15,23.74,-62.8,30.66,66.99,36.25,32.44,116.7,-74.02,yoo
122.3,-72.79,23.62,-62.92,30.49,66.89,36.42,32.36,116.44,-74.32,yoo
122.05,-72.9,23.87,-62.76,30.85,66.93,36.72,32.37,116.02,-74.16,yoo
121.79,-73.31,23.73,-62.59,30.91,67.14,36.6,32.59,114.96,-73.83,yoo
121.93,-73.47,23.77,-62.78,30.68,67.07,36.39,32.56,114.99,-73.81,yoo
121.16,-73.62,24.49,-63.09,30.82,66.86,36.32,32.48,116.01,-73.37,yoo
119.26,-73.43,25.3,-63.02,31.32,66.79,36.54,32.51,116.58,-73.13,yoo
119.73,-73.41,25.32,-63.21,31.16,66.72,36.4,32.44,116.75,-73.09,yoo
120.25,-73.24,25.27,-63.32,31.03,66.62,36.41,32.32,116.74,-73.15,yoo
120.68,-73.3,24.94,-63.23,31.09,66.72,36.52,32.35,115.76,-73.4,yoo
121.2,-73.42,24.6,-63.36,30.81,66.8,36.4,32.38,115.47,-73.28,yoo
121.75,-73.65,23.99,-63.47,30.2,66.92,36.11,32.55,114.34,-73.88,yoo
122.03,-73.82,24.04,-63.28,29.97,67.14,35.91,32.8,113.06,-73.72,yoo
121.26,-73.83,24.71,-63.24,30.1,67.08,35.83,32.83,113.42,-73.41,yoo
121.0,-73.97,24.76,-63.22,30.15,67.04,35.74,32.79,113.63,-73.25,yoo
120.67,-73.7,24.94,-63.14,30.3,67.01,35.9,32.73,113.7,-73.47,yoo
120.87,-73.57,24.79,-63.02,30.54,66.93,36.02,32.6,113.87,-73.53,yoo
121.06,-73.44,24.56,-63.03,30.6,66.89,36.13,32.48,114.27,-73.7,yoo
121.15,-73.41,24.57,-62.93,30.69,66.99,36.22,32.59,114.02,-73.56,yoo
120.93,-73.32,24.67,-62.95,30.9,66.96,36.32,32.56,114.3,-73.32,yoo
120.93,-73.63,24.91,-62.98,31.11,66.92,36.37,32.48,114.44,-73.18,yoo
121.45,-73.63,24.21,-63.14,30.67,67.0,36.16,32.52,113.89,-73.52,yoo
121.66,-73.58,24.11,-63.26,30.26,67.08,36.03,32.63,114.09,-73.47,yoo
120.97,-73.59,24.61,-63.13,30.64,66.93,36.13,32.49,114.82,-73.29,yoo
121.06,-73.44,24.89,-63.17,30.96,66.71,36.34,32.26,115.01,-73.2,yoo
121.92,-73.15,24.43,-63.27,31.03,66.56,36.51,31.93,115.09,-73.4,yoo
122.39,-72.93,23.65,-63.13,30.76,66.69,36.46,31.98,113.75,-74.03,yoo
122.63,-72.85,23.56,-62.98,30.6,66.87,36.31,32.17,113.65,-73.69,yoo
121.84,-73.14,23.87,-62.81,30.68,66.98,36.22,32.36,113.11,-73.46,yoo
120.72,-73.04,24.68,-63.0,30.7,66.91,36.22,32.35,113.72,-73.16,yoo
120.41,-72.83,24.9,-63.05,30.65,66.92,36.29,32.38,114.21,-73.03,yoo
120.36,-72.84,24.96,-63.13,30.51,66.85,36.19,32.34,114.82,-73.06,yoo
120.05,-72.63,25.23,-63.16,30.67,66.75,36.41,32.23,115.01,-73.05,yoo
120.27,-72.69,25.08,-63.23,30.63,66.75,36.4,32.21,114.63,-73.21,yoo
120.3,-72.5,25.01,-63.36,30.33,66.67,36.32,32.13,114.42,-73.51,yoo
120.54,-72.78,24.62,-63.31,30.32,66.72,36.26,32.22,114.22,-73.49,yoo
119.89,-72.87,24.87,-63.32,30.27,66.8,36.15,32.36,113.71,-73.52,yoo
118.79,-72.77,25.81,-63.37,30.35,66.75,36.09,32.37,115.23,-72.98,yoo
118.23,-72.53,26.29,-63.31,30.57,66.63,36.2,32.28,115.94,-72.76,yoo
118.38,-72.36,26.4,-63.37,30.77,66.4,36.38,32.01,116.66,-73.37,yoo
118.51,-72.32,26.49,-63.51,30.62,66.31,36.33,31.92,116.95,-73.15,yoo
118.98,-72.34,26.22,-63.37,30.6,66.35,36.32,31.92,117.13,-73.16,yoo
119.6,-72.67,25.45,-63.26,30.46,66.4,36.27,31.92,115.6,-74.04,yoo
120.12,-72.8,25.19,-63.4,30.14,66.45,36.15,31.96,115.66,-73.87,yoo
120.6,-73.03,24.76,-63.26,29.91,66.66,36.03,32.12,115.04,-74.0,yoo
120.33,-73.24,24.9,-63.05,29.74,66.96,35.87,32.5,113.48,-73.83,yoo
120.37,-73.54,24.69,-62.89,29.73,67.13,35.72,32.71,112.97,-73.54,yoo
119.94,-73.62,24.88,-62.91,29.89,67.13,35.69,32.77,113.2,-73.17,yoo
119.92,-73.7,24.76,-62.91,30.14,66.96,35.79,32.57,113.96,-73.22,yoo
120.29,-73.53,24.13,-62.87,30.27,66.88,36.02,32.39,113.75,-73.83,yoo
119.9,-73.67,24.56,-62.7,30.46,66.96,35.97,32.45,114.11,-73.2,yoo
119.55,-73.63,24.64,-62.56,30.72,66.99,36.06,32.46,114.4,-72.97,yoo
119.25,-73.39,24.93,-62.63,30.99,66.91,36.27,32.39,115.25,-72.88,yoo
119.73,-73.31,24.77,-62.76,31.01,66.91,36.42,32.34,115.71,-72.92,yoo
120.29,-73.1,24.28,-62.89,30.87,66.92,36.52,32.28,115.26,-73.46,yoo
120.78,-73.12,24.35,-62.94,30.72,66.99,36.53,32.37,115.16,-73.37,yoo
120.47,-73.41,24.5,-62.93,30.62,67.12,36.34,32.57,113.94,-73.27,yoo
119.8,-73.68,24.76,-63.07,30.73,66.89,36.19,32.45,114.92,-73.18,yoo
119.18,-73.62,25.16,-63.0,30.52,66.96,36.1,32.54,114.86,-72.86,yoo
118.83,-73.55,25.46,-62.98,30.82,66.94,36.23,32.51,115.26,-72.64,yoo
118.58,-73.28,25.86,-63.21,30.95,66.71,36.33,32.28,116.55,-72.86,yoo
118.87,-73.1,25.76,-63.17,30.86,66.78,36.42,32.34,116.08,-72.91,yoo
119.34,-73.13,25.53,-63.25,30.6,66.88,36.35,32.44,115.17,-73.17,yoo
119.46,-73.29,25.52,-63.44,30.35,66.93,36.25,32.51,114.52,-73.27,yoo
119.61,-73.47,25.39,-63.39,30.2,67.06,36.13,32.65,114.08,-73.16,yoo
119.6,-73.38,25.28,-63.4,30.22,67.06,36.16,32.66,114.13,-73.1,yoo
119.66,-73.29,25.28,-63.51,30.3,67.0,36.29,32.58,114.67,-73.11,yoo
119.87,-73.24,25.05,-63.5,30.32,66.98,36.35,32.52,114.78,-73.36,yoo
120.25,-73.24,24.52,-63.41,30.14,67.15,36.33,32.68,113.68,-73.45,yoo
119.96,-73.39,24.72,-63.44,30.01,67.15,36.26,32.77,113.35,-73.29,yoo
119.7,-73.66,25.05,-63.58,29.91,67.16,36.09,32.87,112.91,-73.18,yoo
119.61,-73.53,25.31,-63.89,29.87,66.92,36.03,32.6,113.89,-73.14,yoo
119.95,-73.3,25.66,-64.03,29.88,66.82,36.09,32.45,114.81,-73.03,yoo
120.1,-73.09,25.61,-64.1,30.13,66.66,36.33,32.22,115.05,-73.16,yoo
120.38,-73.04,25.42,-64.15,30.18,66.46,36.36,32.0,114.43,-73.61,yoo
121.06,-73.12,24.93,-64.16,29.93,66.48,36.24,32.02,114.46,-73.66,yoo
121.63,-73.21,24.42,-64.06,29.64,66.67,36.11,32.18,114.29,-73.84,yoo
122.0,-73.36,24.03,-63.9,29.42,66.86,35.96,32.36,113.61,-73.87,yoo
122.07,-73.45,24.11,-63.86,29.27,67.0,35.82,32.53,113.16,-73.87,yoo
121.81,-73.56,24.17,-63.75,29.15,67.14,35.66,32.72,113.12,-73.58,yoo
121.64,-73.44,24.42,-63.81,29.34,67.08,35.75,32.65,113.68,-73.53,yoo
121.71,-73.45,24.26,-63.82,29.2,67.1,35.71,32.68,113.19,-73.73,yoo
121.87,-73.4,24.44,-63.78,29.07,67.13,35.68,32.72,112.87,-73.74,yoo
121.68,-73.61,24.42,-63.76,29.02,67.23,35.54,32.84,112.63,-73.55,yoo
121.17,-73.6,24.58,-63.73,28.97,67.3,35.49,32.94,112.47,-73.43,yoo
120.65,-73.54,24.93,-63.71,28.94,67.4,35.47,33.08,112.29,-73.2,yoo
119.73,-73.34,25.67,-63.83,29.11,67.24,35.55,32.97,113.31,-73.01,yoo
119.22,-73.31,25.9,-63.82,29.32,67.2,35.57,32.91,113.49,-72.79,yoo
119.01,-73.04,26.19,-63.99,29.49,66.94,35.73,32.61,114.61,-72.93,yoo
119.21,-72.91,26.14,-64.0,29.56,66.83,35.8,32.45,115.04,-73.02,yoo
119.25,-72.92,26.03,-63.91,29.57,66.89,35.88,32.5,114.55,-73.07,yoo
119.0,-72.97,26.02,-63.91,29.55,66.88,35.81,32.52,114.73,-72.96,yoo
119.19,-72.9,25.99,-63.84,29.7,66.79,35.86,32.37,115.44,-72.99,yoo
119.46,-72.81,25.93,-63.85,29.79,66.73,35.95,32.25,116.12,-73.11,yoo
119.33,-72.84,25.8,-63.66,29.88,66.81,36.05,32.36,115.14,-73.33,yoo
119.35,-72.96,25.7,-63.61,29.81,66.9,35.96,32.43,114.79,-73.17,yoo
119.28,-73.05,25.55,-63.55,29.74,66.95,35.88,32.52,114.76,-73.18,yoo
118.73,-72.94,26.02,-63.51,29.86,66.97,35.88,32.56,115.05,-72.92,yoo
118.75,-72.84,26.3,-63.59,30.03,66.84,36.02,32.42,115.62,-72.89,yoo
119.39,-72.83,25.68,-63.49,30.1,66.93,36.13,32.45,115.29,-73.1,yoo
119.9,-72.74,25.48,-63.8,29.63,66.83,36.05,32.39,115.17,-73.48,yoo
119.94,-72.99,25.26,-63.64,29.73,66.92,35.98,32.48,114.73,-73.36,yoo
119.87,-73.17,25.62,-63.66,29.74,66.89,35.88,32.44,114.94,-73.33,yoo
119.94,-73.19,25.22,-63.54,29.65,66.98,35.81,32.55,114.74,-73.61,yoo
119.33,-73.27,25.76,-63.47,29.86,66.93,35.87,32.52,115.09,-73.37,yoo
118.8,-73.44,26.18,-63.43,30.06,66.91,35.82,32.55,115.23,-73.09,yoo
118.93,-73.38,26.06,-63.52,29.92,66.86,35.77,32.5,115.42,-73.07,yoo
118.9,-73.29,26.15,-63.52,30.13,66.8,35.92,32.41,115.4,-73.04,yoo
119.54,-73.22,25.92,-63.49,30.33,66.77,36.07,32.29,115.52,-73.23,yoo
119.89,-73.16,25.7,-63.59,30.22,66.78,36.08,32.29,115.48,-73.26,yoo
120.23,-73.31,25.42,-63.57,30.13,66.89,36.03,32.41,114.86,-73.3,yoo
119.63,-73.37,25.48,-63.55,30.08,66.87,35.88,32.4,115.04,-73.16,yoo
119.46,-73.21,25.76,-63.57,30.24,66.78,35.98,32.31,115.7,-73.11,yoo
119.84,-73.09,25.71,-63.64,30.27,66.72,36.12,32.19,115.89,-73.31,yoo
120.1,-72.96,25.56,-63.71,30.4,66.59,36.28,32.01,116.25,-73.33,yoo
120.4,-73.03,25.39,-63.65,30.35,66.73,36.22,32.14,115.68,-73.32,yoo
120.62,-72.95,25.38,-63.69,30.14,66.72,36.11,32.16,116.02,-73.29,yoo
120.01,-72.74,26.02,-63.68,30.29,66.63,36.18,32.11,116.7,-73.04,yoo
120.1,-72.45,26.76,-64.09,30.46,66.33,36.36,31.78,117.95,-73.07,yoo
120.41,-72.43,26.5,-64.1,30.32,66.33,36.33,31.74,117.79,-73.19,yoo
120.96,-72.42,26.09,-64.1,30.29,66.36,36.38,31.71,117.21,-73.42,yoo
120.98,-72.44,25.98,-64.02,30.08,66.43,36.25,31.78,117.01,-73.41,yoo
121.1,-72.65,25.98,-63.88,29.98,66.53,36.12,31.87,117.09,-73.45,yoo
120.62,-72.64,26.31,-63.73,30.21,66.51,36.21,31.89,117.45,-73.29,yoo
120.08,-72.62,26.36,-63.77,30.3,66.5,36.25,31.89,117.78,-73.42,yoo
120.39,-72.71,26.11,-63.87,30.13,66.55,36.21,31.92,117.74,-73.41,yoo
120.65,-72.73,25.87,-63.87,30.21,66.59,36.31,31.95,117.55,-73.6,yoo
120.81,-72.83,25.59,-63.87,30.01,66.66,36.21,32.01,116.99,-73.74,yoo
121.15,-73.08,25.22,-63.73,29.78,66.83,36.05,32.19,116.05,-73.75,yoo
121.47,-73.2,24.98,-63.65,29.6,67.03,35.91,32.34,115.46,-73.81,yoo
121.25,-73.28,24.97,-63.53,29.52,67.13,35.85,32.48,114.71,-73.77,yoo
120.45,-73.3,25.33,-63.56,29.5,67.16,35.86,32.61,114.25,-73.49,yoo
119.19,-73.2,25.91,-63.7,29.67,67.07,35.88,32.57,114.54,-73.17,yoo
118.43,-73.0,26.47,-64.07,29.74,66.86,35.94,32.4,115.4,-73.06,yoo
118.37,-72.91,26.52,-64.08,29.88,66.83,36.05,32.34,115.6,-73.17,yoo
118.36,-73.0,26.29,-64.05,29.82,66.87,36.05,32.36,115.17,-73.25,yoo
118.5,-72.99,26.22,-64.09,29.6,66.92,35.95,32.41,114.79,-73.45,yoo
118.61,-72.81,26.43,-64.23,29.62,66.78,36.03,32.29,114.89,-73.49,yoo
118.69,-73.05,26.34,-64.2,29.63,66.8,36.0,32.33,113.64,-73.55,yoo
119.05,-73.26,25.9,-64.08,29.31,66.96,35.74,32.49,113.07,-73.61,yoo
118.83,-73.34,25.85,-63.81,29.38,67.16,35.76,32.71,112.41,-73.53,yoo
118.58,-73.5,25.82,-63.74,29.53,67.24,35.73,32.82,112.36,-73.25,yoo
118.01,-73.6,26.08,-63.84,29.58,67.25,35.66,32.89,112.0,-72.98,yoo
117.34,-73.55,26.24,-63.88,29.61,67.24,35.63,32.92,112.21,-72.79,yoo
116.65,-73.37,26.87,-64.06,29.73,67.06,35.71,32.79,112.82,-72.76,yoo
116.59,-73.29,27.1,-64.19,29.74,66.98,35.74,32.74,113.35,-72.59,yoo
117.06,-73.19,27.24,-64.4,29.74,66.79,35.86,32.51,113.92,-72.83,yoo
117.57,-73.22,26.99,-64.58,29.58,66.68,35.82,32.38,113.97,-73.1,yoo
117.96,-73.29,26.89,-64.57,29.41,66.77,35.7,32.43,112.78,-73.19,yoo
117.74,-73.24,26.95,-64.66,29.37,66.74,35.66,32.4,112.64,-73.25,yoo
117.84,-73.29,27.13,-64.68,29.31,66.69,35.61,32.34,113.37,-73.32,yoo
118.03,-73.33,26.86,-64.74,29.32,66.64,35.65,32.29,113.43,-73.56,yoo
118.09,-73.55,26.63,-64.66,29.27,66.66,35.54,32.32,113.7,-73.45,yoo
118.1,-73.6,26.52,-64.53,29.19,66.71,35.41,32.38,113.27,-73.51,yoo
118.03,-73.43,26.73,-64.38,29.2,66.85,35.52,32.49,113.02,-73.44,yoo
117.64,-73.17,27.11,-64.42,29.38,66.75,35.66,32.36,113.84,-73.32,yoo
117.89,-73.09,27.02,-64.51,29.46,66.69,35.78,32.26,114.54,-73.3,yoo
118.29,-73.0,26.87,-64.59,29.43,66.58,35.84,32.12,114.96,-73.37,yoo
118.87,-73.02,26.42,-64.47,29.3,66.69,35.88,32.16,113.63,-73.83,yoo
119.19,-73.16,26.24,-64.42,29.26,66.73,35.77,32.18,113.87,-73.88,yoo
118.8,-73.08,26.27,-64.39,29.37,66.68,35.8,32.15,114.1,-73.72,yoo
118.85,-73.09,26.42,-64.39,29.43,66.62,35.83,32.08,114.14,-73.67,yoo
119.48,-72.84,25.95,-64.32,29.5,66.59,36.07,31.96,114.55,-74.04,yoo
119.94,-72.74,25.55,-64.29,29.61,66.55,36.23,31.84,114.76,-74.17,yoo
120.23,-72.84,25.12,-64.13,29.5,66.74,36.24,32.03,113.66,-74.17,yoo
119.77,-73.05,25.29,-64.07,29.42,66.89,36.03,32.2,113.47,-73.86,yoo
118.86,-73.02,25.83,-64.07,29.51,66.86,35.93,32.26,113.89,-73.45,yoo
117.99,-72.91,26.19,-64.16,30.06,66.54,36.25,31.94,115.05,-73.68,yoo
118.09,-72.8,26.11,-64.37,29.8,66.43,36.12,31.84,115.0,-73.53,yoo
118.89,-72.68,25.77,-64.44,29.74,66.45,36.21,31.77,115.36,-73.66,yoo
119.22,-72.68,25.38,-64.46,29.51,66.55,36.17,31.86,113.85,-74.25,yoo
119.24,-72.84,25.45,-64.28,29.55,66.55,36.08,31.95,113.35,-73.94,yoo
119.47,-72.91,25.19,-64.28,29.33,66.65,35.93,32.05,112.79,-74.09,yoo
119.36,-73.06,25.37,-64.19,29.23,66.75,35.79,32.21,112.69,-73.81,yoo
118.82,-73.18,25.64,-64.09,29.36,66.76,35.73,32.27,112.57,-73.63,yoo
117.67,-72.98,26.36,-64.11,29.56,66.67,35.87,32.19,113.65,-73.46,yoo
117.47,-72.92,26.96,-64.32,29.63,66.53,35.86,32.06,114.3,-73.2,yoo
118.0,-72.89,26.82,-64.39,29.54,66.44,35.89,31.89,114.99,-73.58,yoo
118.34,-72.82,26.61,-64.42,29.42,66.41,35.87,31.84,114.82,-73.57,yoo
118.01,-73.13,26.69,-64.23,29.29,66.57,35.69,32.01,113.6,-73.5,yoo
117.69,-73.07,26.74,-64.28,29.21,66.55,35.6,32.03,113.85,-73.38,yoo
117.76,-72.83,26.73,-64.19,29.48,66.44,35.84,31.87,114.45,-73.4,yoo
118.1,-72.6,26.81,-64.34,29.6,66.35,36.03,31.74,114.92,-73.44,yoo
118.88,-72.56,26.17,-64.43,29.33,66.49,36.01,31.84,114.74,-73.6,yoo
119.19,-72.76,26.16,-64.38,29.08,66.65,35.78,32.05,114.52,-73.49,yoo
118.88,-72.82,26.46,-64.41,28.96,66.67,35.64,32.12,114.32,-73.31,yoo
118.26,-72.72,27.01,-64.52,29.1,66.47,35.67,31.95,114.9,-73.22,yoo
118.71,-72.51,26.59,-64.47,29.42,66.25,35.84,31.62,115.73,-73.4,yoo
119.25,-72.48,26.17,-64.38,29.32,66.36,35.82,31.69,115.66,-73.4,yoo
119.59,-72.57,25.94,-64.29,29.18,66.52,35.76,31.87,114.45,-73.71,yoo
118.96,-72.63,26.15,-64.07,29.17,66.64,35.69,32.04,113.72,-73.52,yoo
117.8,-72.74,26.76,-63.95,29.31,66.8,35.66,32.26,113.67,-73.2,yoo
117.87,-72.43,26.9,-64.19,29.13,66.72,35.67,32.21,113.82,-73.47,yoo
118.18,-72.36,26.91,-64.33,29.15,66.71,35.82,32.2,114.06,-73.49,yoo
118.14,-72.43,27.09,-64.35,29.26,66.68,35.79,32.2,114.12,-73.36,yoo
117.87,-72.13,27.49,-64.47,29.36,66.49,35.91,32.02,115.11,-73.28,yoo
117.95,-71.86,27.94,-64.61,29.48,66.32,36.08,31.84,116.0,-73.26,yoo
118.49,-71.71,27.65,-64.64,29.65,66.25,36.29,31.69,115.88,-73.51,yoo
118.98,-71.77,27.22,-64.69,29.51,66.3,36.23,31.7,115.31,-73.61,yoo
119.38,-71.81,26.9,-64.79,29.24,66.33,36.06,31.75,115.3,-73.56,yoo
119.2,-71.92,26.79,-64.72,29.15,66.41,35.99,31.81,114.79,-73.66,yoo
119.14,-72.05,26.79,-64.52,29.14,66.46,35.86,31.87,114.24,-73.67,yoo
118.65,-72.11,26.92,-64.43,29.28,66.5,35.82,31.95,114.28,-73.28,yoo
118.58,-72.08,27.07,-64.39,29.57,66.46,36.03,31.9,114.92,-73.33,yoo
118.81,-72.16,26.83,-64.44,29.51,66.48,36.05,31.9,114.68,-73.54,yoo
118.89,-72.28,26.77,-64.46,29.34,66.54,35.92,31.99,113.71,-73.44,yoo
118.51,-72.47,26.8,-64.36,29.4,66.62,35.84,32.1,113.41,-73.22,yoo
118.15,-72.53,26.95,-64.43,29.32,66.59,35.76,32.1,113.57,-73.03,yoo
118.63,-72.63,26.65,-64.4,29.49,66.46,35.87,31.93,113.84,-73.25,yoo
118.82,-72.7,26.33,-64.39,29.55,66.4,35.95,31.85,113.23,-73.56,yoo
119.28,-72.88,25.86,-64.31,29.36,66.53,35.9,31.91,113.14,-73.64,yoo
119.53,-72.9,25.67,-64.08,29.25,66.82,35.8,32.17,111.85,-73.67,yoo
118.67,-72.99,26.25,-63.92,29.37,66.9,35.74,32.31,112.11,-73.25,yoo
117.77,-72.99,26.77,-63.95,29.55,66.86,35.83,32.3,112.7,-72.95,yoo
118.02,-72.82,27.14,-64.32,29.42,66.7,35.92,32.09,113.5,-73.58,yoo
117.95,-72.72,27.37,-64.35,29.31,66.56,35.87,32.0,113.98,-73.22,yoo
117.92,-72.55,27.43,-64.33,29.54,66.47,36.08,31.89,114.49,-73.28,yoo
118.26,-72.57,27.3,-64.37,29.27,66.56,35.89,31.97,114.59,-73.25,yoo
118.82,-72.67,27.18,-64.4,29.18,66.64,35.86,32.07,114.03,-73.1,yoo
118.84,-72.92,26.94,-64.41,29.23,66.53,35.75,32.03,113.66,-73.04,yoo
118.42,-72.96,27.19,-64.35,29.15,66.5,35.6,32.0,114.09,-72.87,yoo
118.69,-72.79,26.89,-64.16,29.4,66.51,35.77,31.95,114.48,-72.97,yoo
118.58,-72.72,27.0,-64.17,29.56,66.48,35.89,31.92,114.8,-72.98,yoo
118.6,-72.77,26.83,-64.07,29.55,66.54,35.89,31.98,114.85,-72.96,yoo
118.31,-72.86,27.03,-64.07,29.39,66.7,35.75,32.18,114.44,-72.95,yoo
117.33,-72.73,27.6,-64.05,29.6,66.64,35.87,32.15,115.13,-72.7,yoo
116.7,-72.6,28.3,-64.13,29.84,66.47,35.97,32.0,115.59,-72.66,yoo
117.17,-72.41,28.16,-64.2,29.85,66.38,36.15,31.88,114.86,-73.24,yoo
117.65,-72.36,27.98,-64.27,29.74,66.42,36.12,31.89,114.69,-73.14,yoo
118.27,-72.5,27.33,-64.2,29.56,66.57,36.09,32.03,113.95,-73.25,yoo
118.26,-72.52,27.37,-64.21,29.51,66.56,35.98,32.02,114.09,-73.05,yoo
117.97,-72.55,27.46,-64.11,29.59,66.56,35.96,32.03,114.64,-72.88,yoo
117.98,-72.53,27.39,-64.12,29.81,66.45,36.04,31.9,115.23,-72.92,yoo
117.55,-72.33,27.53,-63.97,30.03,66.46,36.2,31.9,115.12,-72.91,yoo
117.4,-72.01,26.93,-63.93,29.73,66.57,36.08,32.06,114.0,-73.09,yoo
117.79,-72.02,26.8,-64.04,29.38,66.58,35.91,32.1,113.9,-73.19,yoo
116.58,-72.27,27.47,-63.88,29.7,66.52,35.85,32.13,114.17,-72.82,yoo
115.95,-72.38,28.02,-64.05,29.97,66.39,35.93,32.03,114.95,-72.66,yoo
116.14,-72.24,27.97,-64.1,30.0,66.34,36.0,31.96,115.59,-72.65,yoo
116.74,-72.1,27.75,-64.08,30.18,66.25,36.17,31.8,115.72,-72.96,yoo
117.06,-72.1,27.54,-64.15,30.13,66.23,36.23,31.72,115.75,-72.86,yoo
117.83,-72.27,26.89,-64.07,29.79,66.47,36.14,31.96,114.42,-73.07,yoo
118.25,-72.49,26.76,-64.12,29.48,66.55,35.97,32.09,114.3,-73.06,yoo
117.86,-72.64,26.79,-64.04,29.48,66.56,35.87,32.16,114.18,-72.83,yoo
117.35,-72.51,27.09,-64.18,29.65,66.41,35.93,32.02,115.37,-72.79,yoo
117.29,-72.4,27.26,-64.29,29.77,66.36,36.02,31.95,115.86,-72.75,yoo
117.35,-72.39,27.3,-64.38,29.8,66.26,36.11,31.84,116.14,-72.92,yoo
117.53,-72.45,27.1,-64.4,29.68,66.22,36.03,31.78,115.75,-72.95,yoo
118.02,-72.69,26.77,-64.35,29.47,66.36,35.83,31.93,114.82,-73.07,yoo
118.23,-72.82,26.76,-64.28,29.43,66.43,35.79,31.97,114.81,-73.15,yoo
118.02,-72.88,26.8,-64.24,29.54,66.52,35.79,32.08,113.98,-73.39,yoo
118.29,-72.76,26.72,-64.38,29.45,66.44,35.8,31.97,114.08,-73.41,yoo
118.89,-72.54,26.32,-64.5,29.5,66.49,36.01,31.91,114.58,-73.52,yoo
119.44,-72.71,26.01,-64.41,29.45,66.65,35.97,32.04,113.6,-73.56,yoo
119.62,-72.64,25.85,-64.43,29.22,66.66,35.83,32.04,113.83,-73.69,yoo
119.06,-72.68,26.28,-64.3,29.33,66.79,35.84,32.18,113.41,-73.25,yoo
118.12,-72.56,26.78,-64.33,29.65,66.64,35.99,32.06,114.18,-73.15,yoo
118.25,-72.44,26.94,-64.52,29.37,66.63,35.89,32.1,113.74,-73.1,yoo
118.48,-72.29,26.72,-64.68,29.33,66.57,36.02,32.0,113.93,-73.33,yoo
118.06,-72.2,27.18,-64.73,29.32,66.5,36.02,31.93,114.55,-73.03,yoo
118.04,-72.23,27.05,-64.71,29.32,66.57,35.96,31.98,114.16,-73.12,yoo
117.81,-72.2,27.27,-64.74,29.2,66.46,35.88,31.86,114.48,-73.27,yoo
117.81,-72.13,27.38,-64.67,29.42,66.39,35.97,31.79,114.48,-73.21,yoo
117.67,-72.27,27.29,-64.5,29.46,66.44,35.94,31.82,114.24,-73.29,yoo
118.14,-72.03,26.88,-64.46,29.34,66.5,36.0,31.82,114.2,-73.53,yoo
117.72,-71.92,27.48,-64.57,29.27,66.51,35.97,31.93,113.65,-73.51,yoo
117.67,-72.08,27.6,-64.7,29.32,66.46,36.01,31.93,114.51,-73.59,yoo
117.23,-72.16,27.74,-64.66,29.24,66.52,35.84,32.03,114.52,-73.41,yoo
116.89,-72.1,28.16,-64.67,29.43,66.41,35.87,31.95,115.01,-73.18,yoo
116.86,-72.15,28.47,-64.7,29.5,66.33,35.87,31.88,115.18,-73.15,yoo
117.33,-72.12,28.01,-64.66,29.54,66.32,35.99,31.82,115.31,-73.38,yoo
117.93,-72.16,27.44,-64.6,29.47,66.36,36.02,31.8,115.25,-73.53,yoo
118.42,-72.36,26.87,-64.41,29.25,66.57,35.88,31.98,114.61,-73.7,yoo
118.13,-72.53,26.57,-64.19,29.29,66.68,35.79,32.1,114.26,-73.61,yoo
117.57,-72.53,26.94,-64.2,29.57,66.62,35.86,32.06,114.51,-73.47,yoo
117.9,-72.42,26.86,-64.16,29.56,66.64,35.95,32.02,114.96,-73.41,yoo
117.63,-72.24,26.69,-64.23,29.77,66.55,36.08,31.94,115.64,-73.26,yoo
117.97,-72.26,26.41,-64.22,29.93,66.49,36.2,31.81,115.83,-73.33,yoo
118.68,-72.24,25.73,-64.23,29.72,66.47,36.16,31.71,115.52,-73.55,yoo
119.13,-72.4,25.76,-64.14,29.54,66.62,36.07,31.87,114.87,-73.56,yoo
118.85,-72.58,25.88,-64.04,29.75,66.59,36.06,31.88,115.26,-73.44,yoo
119.04,-72.73,25.87,-64.01,29.6,66.76,35.91,32.08,114.36,-73.29,yoo
118.76,-72.81,26.27,-63.93,29.67,66.82,35.88,32.16,114.95,-73.16,yoo
117.63,-72.61,27.09,-64.0,29.84,66.8,35.91,32.24,115.4,-72.66,yoo
116.64,-72.49,27.78,-64.07,30.09,66.65,35.99,32.12,115.95,-72.49,yoo
116.4,-72.42,28.05,-64.15,30.09,66.55,36.03,32.04,116.53,-72.54,yoo
116.83,-72.3,27.82,-64.1,30.11,66.58,36.13,32.05,115.56,-72.89,yoo
117.37,-72.3,27.65,-64.12,29.94,66.63,36.08,32.1,115.09,-72.94,yoo
117.35,-72.49,27.61,-64.14,29.77,66.73,35.93,32.23,114.54,-72.63,yoo
116.28,-72.58,28.09,-64.15,29.99,66.66,35.89,32.21,115.17,-72.54,yoo
115.79,-72.44,28.63,-64.22,30.03,66.52,35.94,32.09,115.76,-72.49,yoo
116.41,-72.26,27.99,-64.21,30.25,66.4,36.16,31.9,116.4,-72.94,yoo
116.99,-72.28,27.78,-64.2,30.18,66.44,36.18,31.92,116.16,-72.87,yoo
117.33,-72.52,27.52,-64.19,30.0,66.66,36.11,32.15,115.17,-73.02,yoo
117.5,-72.66,27.38,-64.24,29.87,66.75,35.99,32.23,115.09,-72.92,yoo
117.47,-72.63,27.3,-64.29,29.92,66.68,36.08,32.14,116.14,-73.06,yoo
117.48,-72.57,27.68,-64.33,29.91,66.61,36.09,32.08,116.05,-73.1,yoo
117.71,-72.61,27.58,-64.3,29.81,66.63,36.04,32.14,115.27,-73.2,yoo
117.97,-72.71,27.55,-64.28,29.89,66.67,36.06,32.16,114.89,-73.15,yoo
118.16,-72.7,27.4,-64.43,29.85,66.62,36.05,32.11,114.92,-73.15,yoo
118.4,-72.66,27.15,-64.42,29.8,66.6,36.06,32.08,114.39,-73.2,yoo
118.82,-72.72,26.6,-64.38,29.75,66.65,36.08,32.06,114.15,-73.53,yoo
118.32,-72.85,26.72,-64.21,29.87,66.68,36.01,32.12,114.22,-73.1,yoo
117.84,-72.69,27.0,-64.12,30.07,66.69,36.09,32.13,114.68,-72.97,yoo
118.11,-72.41,27.12,-64.3,30.27,66.52,36.31,31.86,115.67,-73.12,yoo
118.58,-72.27,26.96,-64.39,30.31,66.49,36.38,31.8,115.5,-73.13,yoo
118.85,-72.29,26.62,-64.31,30.26,66.51,36.35,31.8,114.89,-73.55,yoo
119.15,-72.45,26.29,-64.16,30.2,66.58,36.23,31.86,114.64,-73.52,yoo
119.03,-72.64,26.16,-63.95,30.15,66.79,36.11,32.1,113.63,-73.46,yoo
118.65,-72.64,26.3,-63.85,30.11,66.84,36.03,32.17,114.09,-73.34,yoo
117.63,-72.53,26.97,-63.82,30.4,66.83,36.22,32.16,112.61,-72.69,yoo
117.75,-72.44,26.88,-64.01,30.37,66.72,36.25,32.01,112.81,-73.0,yoo
118.35,-72.42,26.64,-64.09,30.13,66.8,36.2,32.08,112.67,-73.17,yoo
118.36,-72.48,26.7,-64.0,30.06,66.9,36.12,32.22,112.16,-73.06,yoo
117.48,-72.38,27.35,-63.97,30.07,66.85,36.06,32.25,112.29,-72.8,yoo
117.64,-72.55,27.25,-63.96,30.14,66.78,36.06,32.21,112.21,-72.86,yoo
118.0,-72.58,26.75,-63.96,30.07,66.82,36.03,32.23,111.93,-73.18,yoo
118.44,-72.67,26.73,-63.97,29.97,66.91,36.01,32.34,111.27,-73.26,yoo
118.17,-72.76,26.81,-64.01,29.98,66.86,35.98,32.29,111.54,-73.16,yoo
117.76,-72.72,26.97,-63.97,30.01,66.9,35.97,32.33,111.65,-73.0,yoo
117.52,-72.55,27.21,-64.03,30.09,66.82,36.07,32.27,112.07,-72.96,yoo
117.72,-72.42,27.06,-64.15,30.08,66.77,36.14,32.19,112.46,-73.0,yoo
118.1,-72.53,26.86,-64.19,29.91,66.85,36.1,32.27,112.06,-73.17,yoo
117.74,-72.68,26.8,-64.15,29.88,66.83,35.96,32.29,111.74,-73.31,yoo
116.46,-72.47,27.83,-64.08,30.11,66.74,35.99,32.25,112.55,-72.97,yoo
116.27,-72.29,27.95,-64.06,30.25,66.66,36.09,32.18,113.04,-72.85,yoo
116.86,-72.22,27.84,-64.2,30.27,66.53,36.22,32.04,113.53,-72.97,yoo
117.08,-72.24,27.51,-64.29,30.3,66.46,36.33,31.93,113.86,-73.04,yoo
117.44,-72.36,27.15,-64.27,30.15,66.49,36.24,31.96,113.35,-73.23,yoo
117.48,-72.47,26.99,-64.2,30.02,66.53,36.11,32.04,113.28,-73.11,yoo
117.03,-72.46,27.27,-64.07,30.14,66.56,36.13,32.07,113.59,-72.99,yoo
116.51,-72.19,27.81,-64.3,30.28,66.36,36.25,31.88,114.92,-73.0,yoo
116.88,-72.27,27.58,-64.35,30.19,66.39,36.23,31.88,114.66,-73.04,yoo
117.3,-72.55,27.04,-64.24,29.9,66.54,36.08,32.05,112.88,-73.48,yoo
117.31,-72.56,26.87,-64.17,29.9,66.56,36.01,32.05,113.31,-73.32,yoo
116.99,-72.61,26.98,-63.99,30.01,66.81,36.01,32.26,112.63,-73.02,yoo
116.46,-72.54,27.31,-64.05,30.11,66.71,36.02,32.22,112.74,-72.88,yoo
116.48,-72.41,27.42,-64.2,30.13,66.58,36.11,32.05,113.1,-73.18,yoo
116.56,-72.34,27.4,-64.18,30.19,66.5,36.1,31.96,113.0,-73.2,yoo
116.85,-72.42,27.05,-64.02,30.18,66.58,36.12,32.01,112.86,-73.22,yoo
117.03,-72.52,26.98,-63.96,30.14,66.68,36.06,32.09,113.0,-73.25,yoo
116.58,-72.6,27.33,-63.81,30.23,66.75,36.06,32.19,113.02,-73.06,yoo
116.05,-72.53,27.45,-63.87,30.36,66.75,36.11,32.17,113.53,-73.07,yoo
116.19,-72.24,27.71,-64.01,30.26,66.66,36.13,32.09,113.86,-73.18,yoo
116.58,-72.14,27.47,-64.05,30.45,66.6,36.28,31.99,113.95,-73.37,yoo
116.9,-72.1,27.25,-64.07,30.37,66.58,36.32,31.93,114.01,-73.48,yoo
116.8,-72.18,27.21,-63.99,30.27,66.69,36.2,32.06,113.41,-73.43,yoo
115.98,-72.15,27.74,-64.07,30.3,66.63,36.13,32.06,113.63,-73.22,yoo
115.75,-72.04,27.95,-64.09,30.45,66.54,36.21,31.97,114.12,-73.13,yoo
115.7,-72.0,27.85,-64.05,30.53,66.48,36.26,31.83,114.57,-73.38,yoo
116.29,-72.02,27.54,-64.03,30.34,66.59,36.23,31.92,113.69,-73.53,yoo
116.71,-72.14,27.14,-64.04,30.11,66.68,36.15,32.0,113.13,-73.6,yoo
116.86,-72.17,27.35,-64.06,30.06,66.67,36.14,32.05,113.09,-73.41,yoo
115.95,-72.31,27.61,-63.87,30.46,66.71,36.26,32.13,112.74,-73.07,yoo
115.5,-72.22,27.94,-63.88,30.67,66.61,36.4,32.06,113.26,-72.89,yoo
115.38,-72.18,28.11,-64.03,30.69,66.53,36.4,31.97,113.9,-72.89,yoo
115.79,-72.06,28.12,-64.12,30.6,66.53,36.44,31.96,113.78,-72.93,yoo
115.95,-72.13,27.85,-64.14,30.62,66.56,36.46,31.99,113.43,-73.03,yoo
115.99,-72.07,27.92,-64.24,30.48,66.46,36.38,31.91,113.69,-72.92,yoo
115.34,-71.96,28.38,-64.04,30.8,66.45,36.48,31.94,113.81,-72.67,yoo
116.22,-71.91,27.94,-63.98,30.47,66.64,36.28,32.1,113.64,-72.92,yoo
115.88,-71.48,28.72,-64.09,30.4,66.48,36.38,32.02,114.58,-72.76,yoo
115.36,-71.5,29.25,-63.82,30.96,66.49,36.72,32.04,114.63,-72.53,yoo
115.71,-71.82,28.9,-63.81,30.84,66.64,36.63,32.17,114.01,-72.57,yoo
116.32,-72.07,28.27,-64.02,30.26,66.9,36.34,32.43,113.07,-72.66,yoo
115.84,-72.09,28.69,-64.07,30.41,66.79,36.33,32.33,113.84,-72.6,yoo
115.9,-72.01,28.76,-64.16,30.54,66.65,36.46,32.18,114.03,-72.73,yoo
116.0,-72.02,28.66,-64.19,30.67,66.63,36.6,32.09,114.26,-72.79,yoo
115.63,-72.17,28.7,-64.12,30.71,66.61,36.48,32.11,113.97,-72.63,yoo
115.2,-72.29,29.14,-63.97,30.87,66.59,36.49,32.13,113.91,-72.39,yoo
115.17,-72.31,29.06,-63.98,30.8,66.6,36.42,32.14,113.71,-72.29,yoo
115.67,-72.26,28.62,-64.18,30.72,66.56,36.55,32.07,113.86,-72.59,yoo
115.69,-72.38,28.67,-64.28,30.65,66.5,36.54,32.06,113.4,-72.64,yoo
115.3,-72.52,28.78,-64.28,30.75,66.42,36.46,32.01,113.74,-72.6,yoo
115.04,-72.43,29.03,-64.34,30.79,66.4,36.47,31.98,114.17,-72.57,yoo
115.37,-72.42,28.94,-64.36,30.96,66.29,36.59,31.83,114.55,-72.74,yoo
115.67,-72.56,28.75,-64.39,30.93,66.13,36.55,31.63,114.89,-72.88,yoo
115.84,-72.66,28.49,-64.21,30.98,66.29,36.55,31.74,114.3,-72.84,yoo
115.61,-72.86,28.37,-64.11,30.89,66.31,36.38,31.8,113.94,-72.74,yoo
115.1,-72.77,28.48,-64.04,30.94,66.37,36.36,31.85,114.01,-72.58,yoo
115.18,-72.69,28.29,-64.02,31.07,66.41,36.46,31.83,114.33,-72.7,yoo
115.56,-72.59,27.97,-64.03,31.04,66.46,36.52,31.84,114.26,-72.77,yoo
115.32,-72.73,27.95,-64.02,31.1,66.51,36.5,31.91,113.95,-72.6,yoo
114.97,-72.82,28.08,-64.13,30.97,66.52,36.33,31.99,113.7,-72.55,yoo
114.89,-72.78,28.02,-64.15,30.82,66.59,36.23,32.1,113.55,-72.49,yoo
114.76,-72.65,28.3,-64.2,31.07,66.41,36.39,31.92,114.16,-72.7,yoo
114.5,-72.56,28.52,-64.2,31.15,66.31,36.46,31.84,113.68,-72.77,yoo
114.71,-72.57,28.24,-64.08,31.22,66.36,36.53,31.81,113.5,-72.94,yoo
114.96,-72.54,28.09,-63.92,31.37,66.47,36.62,31.89,113.33,-72.83,yoo
115.34,-72.68,28.13,-63.99,31.09,66.47,36.43,31.91,113.49,-72.76,yoo
115.17,-72.67,28.11,-63.88,30.97,66.63,36.35,32.15,112.3,-72.87,yoo
114.84,-72.59,28.13,-63.9,31.17,66.56,36.53,32.03,111.92,-72.75,yoo
115.27,-72.49,27.92,-64.08,31.1,66.56,36.57,31.98,112.41,-72.85,yoo
115.92,-72.29,27.67,-64.34,30.65,66.55,36.51,32.0,112.58,-73.15,yoo
116.09,-72.45,27.84,-64.42,30.5,66.5,36.38,31.97,112.34,-73.22,yoo
116.0,-72.58,28.1,-64.44,30.32,66.52,36.22,32.07,112.09,-73.02,yoo
115.86,-72.61,28.07,-64.3,30.42,66.54,36.18,32.08,112.36,-72.9,yoo
116.29,-72.41,28.01,-64.37,30.41,66.49,36.31,31.99,112.74,-73.08,yoo
116.82,-72.27,27.62,-64.31,30.5,66.49,36.49,31.94,113.01,-73.2,yoo
117.09,-72.27,27.56,-64.27,30.5,66.57,36.52,31.97,112.37,-73.27,yoo
116.96,-72.21,27.48,-64.29,30.35,66.69,36.42,32.1,112.17,-73.3,yoo
116.58,-72.03,27.87,-64.34,30.3,66.68,36.42,32.13,112.45,-73.12,yoo
116.61,-71.97,27.84,-64.3,30.49,66.59,36.56,32.02,112.62,-73.24,yoo
116.68,-72.06,27.9,-64.39,30.47,66.52,36.5,31.98,112.72,-73.1,yoo
116.59,-72.21,27.6,-64.33,30.23,66.63,36.32,32.12,112.48,-73.18,yoo
116.28,-72.18,27.92,-64.23,30.29,66.65,36.3,32.15,112.63,-72.93,yoo
115.7,-72.06,28.27,-64.18,30.58,66.56,36.45,32.05,113.14,-72.99,yoo
115.88,-72.03,28.16,-64.29,30.58,66.52,36.45,32.0,112.85,-73.1,yoo
116.36,-72.07,27.94,-64.36,30.26,66.59,36.32,32.08,112.56,-73.04,yoo
116.36,-72.07,28.26,-64.33,30.31,66.59,36.33,32.12,112.93,-73.08,yoo
115.41,-71.95,28.86,-64.32,30.46,66.54,36.39,32.1,113.35,-72.89,yoo
115.49,-71.96,28.62,-64.35,30.38,66.53,36.31,32.06,113.27,-72.86,yoo
115.88,-71.98,28.38,-64.33,30.32,66.56,36.29,32.06,113.13,-73.23,yoo
115.38,-71.98,28.66,-64.22,30.44,66.58,36.32,32.09,113.21,-73.07,yoo
114.64,-72.03,29.02,-64.13,30.54,66.65,36.27,32.18,113.33,-72.83,yoo
114.67,-71.93,29.04,-64.2,30.65,66.54,36.35,32.07,113.48,-72.89,yoo
114.87,-71.94,28.69,-64.22,30.62,66.56,36.4,32.07,112.99,-73.11,yoo
114.99,-72.13,28.49,-64.23,30.49,66.67,36.29,32.18,111.91,-73.13,yoo
114.74,-72.13,28.83,-64.48,30.24,66.6,36.13,32.15,112.36,-73.07,yoo
114.78,-72.09,28.82,-64.45,30.38,66.57,36.2,32.12,112.8,-73.05,yoo
115.03,-72.23,28.6,-64.41,30.39,66.57,36.2,32.09,112.07,-73.26,yoo
115.09,-72.42,28.34,-64.38,30.14,66.69,36.0,32.19,111.71,-73.17,yoo
114.45,-72.5,28.49,-64.23,30.17,66.76,35.92,32.31,111.58,-72.98,yoo
113.65,-72.39,29.11,-64.34,30.28,66.7,35.85,32.32,111.87,-72.79,yoo
113.38,-72.24,29.67,-64.43,30.27,66.61,35.86,32.28,112.72,-72.78,yoo
113.33,-72.18,29.81,-64.41,30.4,66.43,35.91,32.1,113.44,-72.79,yoo
113.72,-72.12,29.24,-64.24,30.6,66.5,36.07,32.08,113.29,-72.94,yoo
114.51,-72.11,28.75,-64.25,30.41,66.62,36.05,32.14,113.07,-73.11,yoo
114.62,-72.06,28.75,-64.2,30.39,66.63,36.07,32.18,112.95,-73.0,yoo
113.98,-72.11,29.0,-64.04,30.73,66.63,36.22,32.18,112.64,-72.82,yoo
114.46,-72.16,28.42,-64.17,30.6,66.6,36.17,32.11,112.73,-73.12,yoo
114.35,-72.0,28.7,-64.27,30.69,66.51,36.3,32.04,112.77,-73.04,yoo
114.38,-72.07,28.7,-64.23,30.88,66.45,36.43,31.96,112.76,-73.13,yoo
114.79,-72.08,28.27,-64.41,30.55,66.5,36.32,31.99,112.5,-73.34,yoo
115.33,-72.37,27.6,-64.18,30.38,66.77,36.25,32.24,110.66,-73.59,yoo
116.03,-72.19,27.16,-64.3,29.74,66.83,35.98,32.31,110.75,-73.86,yoo
115.62,-71.88,27.82,-64.21,29.82,66.78,36.05,32.38,110.74,-73.62,yoo
114.5,-71.6,28.82,-64.1,30.56,66.51,36.52,32.15,111.41,-73.28,yoo
114.48,-71.74,28.82,-64.0,30.97,66.45,36.7,32.03,111.76,-73.26,yoo
114.63,-71.82,28.62,-64.11,30.85,66.36,36.61,31.9,111.39,-73.26,yoo
114.84,-71.9,28.49,-64.01,30.75,66.44,36.57,32.0,111.22,-73.18,yoo
114.29,-72.06,28.65,-63.81,31.17,66.41,36.69,31.97,111.3,-72.84,yoo
113.64,-72.11,28.94,-63.99,31.32,66.16,36.69,31.71,112.14,-72.77,yoo
114.81,-72.06,27.73,-63.99,30.79,66.52,36.55,31.97,111.38,-73.1,yoo
115.02,-72.0,28.09,-64.06,30.67,66.46,36.57,31.94,111.5,-72.97,yoo
114.14,-72.07,28.51,-63.83,31.14,66.43,36.75,31.95,111.57,-72.74,yoo
114.18,-72.28,28.46,-63.96,31.11,66.37,36.71,31.89,111.96,-72.83,yoo
114.16,-72.24,28.47,-63.99,30.99,66.37,36.61,31.9,111.99,-72.75,yoo
114.23,-72.2,28.42,-63.91,31.04,66.38,36.62,31.9,112.23,-72.74,yoo
114.27,-72.18,28.64,-63.91,31.27,66.31,36.77,31.83,112.76,-72.63,yoo
114.04,-72.28,28.66,-63.79,31.31,66.31,36.78,31.87,112.24,-72.58,yoo
114.62,-72.53,27.81,-63.59,31.11,66.62,36.46,32.13,111.57,-72.65,yoo
114.47,-72.05,28.3,-63.77,30.94,66.5,36.49,32.04,112.31,-72.7,yoo
113.91,-71.75,28.9,-63.64,31.53,66.42,37.02,31.98,112.51,-72.57,yoo
113.32,-71.76,29.43,-63.95,31.93,66.12,37.23,31.68,113.03,-72.48,yoo
113.99,-71.91,28.69,-64.26,31.41,66.15,36.93,31.68,112.9,-72.85,yoo
114.85,-72.07,28.19,-64.22,30.98,66.26,36.65,31.83,112.61,-72.94,yoo
114.31,-72.02,28.84,-64.03,31.1,66.29,36.68,31.93,113.03,-72.58,yoo
113.32,-72.11,29.19,-63.9,31.35,66.29,36.7,31.94,112.93,-72.36,yoo
113.43,-71.92,29.26,-64.02,31.29,66.18,36.75,31.76,113.43,-72.63,yoo
113.71,-71.72,29.16,-63.96,31.38,66.2,36.91,31.76,113.31,-72.84,yoo
113.79,-71.84,29.09,-63.86,31.4,66.22,36.85,31.82,113.03,-72.65,yoo
112.77,-71.9,29.53,-63.84,31.54,66.11,36.85,31.76,113.63,-72.34,yoo
112.33,-71.96,29.66,-63.86,31.74,66.05,36.9,31.65,113.9,-72.27,yoo
112.61,-71.92,29.48,-63.83,31.94,66.01,36.97,31.55,114.08,-72.35,yoo
112.46,-71.86,29.51,-63.84,31.87,66.0,36.98,31.51,114.21,-72.32,yoo
112.17,-71.89,29.67,-63.69,32.07,66.11,37.06,31.62,113.71,-72.22,yoo
111.57,-71.93,29.76,-63.67,32.11,66.1,36.97,31.62,113.57,-72.08,yoo
111.51,-71.89,29.79,-63.67,32.01,66.12,36.85,31.62,114.11,-72.04,yoo
111.46,-71.72,29.9,-63.72,32.04,66.11,36.95,31.62,114.21,-72.19,yoo
111.36,-71.78,29.83,-63.7,32.02,66.16,36.91,31.67,114.01,-72.14,yoo
111.75,-71.65,29.77,-63.72,32.0,66.1,36.94,31.62,114.34,-72.26,yoo
111.68,-71.59,29.68,-63.69,31.97,66.13,36.94,31.67,114.51,-72.38,yoo
112.08,-71.43,29.65,-63.75,31.85,66.06,37.0,31.58,114.58,-72.52,yoo
112.47,-71.66,29.15,-63.59,31.71,66.29,36.99,31.81,113.03,-72.43,yoo
112.38,-71.75,29.29,-63.73,31.54,66.3,36.85,31.83,112.92,-72.37,yoo
112.42,-71.82,29.37,-63.87,31.41,66.37,36.76,31.97,112.84,-72.16,yoo
111.88,-71.83,29.56,-63.82,31.64,66.18,36.8,31.76,113.46,-72.13,yoo
112.04,-71.8,29.53,-63.87,31.71,66.05,36.83,31.61,113.5,-72.34,yoo
112.86,-71.82,28.84,-63.8,31.41,66.13,36.74,31.64,112.87,-72.67,yoo
113.16,-71.93,28.79,-63.74,31.41,66.18,36.74,31.7,112.78,-72.59,yoo
112.64,-72.01,29.0,-63.56,31.57,66.19,36.73,31.73,112.96,-72.34,yoo
112.7,-71.88,28.84,-63.54,31.5,66.28,36.71,31.76,112.88,-72.52,yoo
113.02,-71.67,28.91,-63.61,31.41,66.32,36.77,31.8,112.71,-72.52,yoo
113.4,-71.77,28.82,-63.63,31.47,66.26,36.83,31.76,112.67,-72.63,yoo
114.37,-71.84,28.49,-63.56,31.06,66.3,36.71,31.77,111.8,-72.94,yoo
114.19,-72.0,28.52,-63.55,30.75,66.41,36.37,31.88,111.61,-73.11,yoo
113.88,-71.99,28.69,-63.45,30.77,66.49,36.38,31.99,111.33,-72.89,yoo
113.32,-71.95,29.04,-63.41,30.99,66.43,36.43,31.97,111.67,-72.72,yoo
113.52,-71.79,29.09,-63.61,31.05,66.33,36.47,31.84,112.41,-72.75,yoo
114.12,-71.62,28.79,-63.7,31.22,66.29,36.69,31.75,112.67,-72.9,yoo
114.13,-71.71,28.69,-63.62,31.33,66.35,36.74,31.82,112.08,-72.92,yoo
113.69,-71.85,28.77,-63.77,31.3,66.32,36.64,31.82,112.08,-72.92,yoo
113.68,-71.85,28.73,-63.91,31.21,66.32,36.57,31.85,111.97,-72.8,yoo
113.52,-71.91,28.96,-64.0,31.35,66.23,36.62,31.75,112.77,-72.71,yoo
112.76,-71.83,31.34,-64.27,34.11,64.6,39.12,34.92,112.37,-72.59,yoo
112.94,-71.8,31.1,-64.24,34.27,64.62,38.64,34.58,113.35,-73.05,yoo
113.03,-71.63,31.24,-64.57,34.03,64.57,38.31,34.39,113.85,-73.27,yoo
113.49,-71.51,30.86,-64.6,33.96,64.71,38.21,34.42,113.73,-73.23,yoo
113.59,-71.58,30.77,-64.5,33.82,64.96,38.22,34.65,112.37,-73.1,yoo
113.18,-71.67,30.76,-64.49,33.97,64.98,38.02,34.55,111.81,-73.13,yoo
113.12,-71.64,30.52,-64.41,34.09,65.06,37.92,34.51,112.05,-73.33,yoo
113.33,-71.65,30.29,-64.28,34.18,65.21,37.91,34.5,111.72,-73.28,yoo
113.39,-71.75,30.0,-64.11,34.24,65.41,37.86,34.57,111.28,-73.26,yoo
113.51,-71.93,29.74,-64.0,34.19,65.62,37.69,34.68,110.63,-73.08,yoo
113.22,-71.85,29.78,-63.91,34.19,65.76,37.62,34.76,110.19,-72.98,yoo
113.18,-71.78,29.85,-64.05,34.19,65.78,37.6,34.76,110.09,-72.91,yoo
113.34,-71.85,29.91,-64.16,34.07,65.9,37.44,34.81,109.47,-72.97,yoo
113.26,-71.93,30.02,-64.25,33.95,65.96,37.34,34.85,109.1,-72.8,yoo
113.16,-71.91,29.92,-64.1,34.05,66.16,37.43,35.02,108.44,-72.63,yoo
113.33,-71.95,29.66,-63.99,34.13,66.3,37.33,35.03,107.25,-72.75,yoo
113.29,-71.9,29.67,-63.9,33.98,66.49,37.25,35.18,106.88,-72.69,yoo
113.1,-71.89,29.63,-63.73,34.22,66.63,37.37,35.28,106.0,-72.49,yoo
113.01,-71.82,29.72,-64.03,34.42,66.42,37.51,34.91,108.13,-72.87,yoo
113.45,-71.63,29.15,-64.27,34.18,66.5,37.45,34.87,106.4,-74.28,yoo
114.01,-71.63,29.15,-64.16,33.94,66.71,37.14,35.16,104.45,-74.32,yoo
113.07,-71.58,29.64,-64.41,34.28,66.33,36.62,34.88,107.72,-74.39,yoo
112.56,-71.21,30.33,-64.67,34.17,66.04,36.57,34.59,111.25,-74.47,yoo
113.06,-71.05,30.08,-64.69,34.35,65.93,36.6,34.33,114.26,-74.34,yoo
113.53,-71.04,29.78,-64.74,34.17,65.93,36.53,34.23,115.88,-74.05,yoo
113.51,-70.84,30.04,-64.85,34.07,65.94,36.61,34.17,116.99,-73.26,yoo
113.72,-70.83,30.08,-64.81,34.16,65.91,36.67,34.13,117.15,-72.54,yoo
114.15,-70.83,29.56,-64.72,34.08,65.95,36.68,34.1,117.36,-72.1,yoo
114.45,-70.68,29.21,-64.68,34.0,66.07,36.74,34.14,117.49,-72.02,yoo
114.55,-70.69,29.18,-64.51,34.12,66.12,36.8,34.21,117.62,-71.49,yoo
114.85,-70.5,29.19,-64.35,34.09,66.32,36.72,34.39,116.6,-71.4,yoo
114.71,-70.69,29.06,-64.42,34.0,66.32,36.61,34.38,117.18,-71.4,yoo
113.99,-71.25,29.13,-64.48,33.98,66.35,36.47,34.45,117.64,-71.29,yoo
113.65,-71.7,29.48,-64.46,33.93,66.38,36.45,34.48,117.55,-71.4,yoo
114.92,-73.22,29.06,-64.33,34.01,66.55,36.48,34.64,116.85,-71.26,yoo
114.54,-72.93,29.17,-64.24,33.98,66.64,36.52,34.73,117.04,-71.14,yoo
114.38,-72.54,29.92,-64.24,34.12,66.67,36.46,34.81,117.26,-70.97,yoo
115.01,-72.08,29.83,-64.13,34.16,66.7,36.42,34.86,117.08,-71.03,yoo
115.49,-71.8,29.77,-64.09,34.1,66.78,36.31,34.97,116.55,-71.12,yoo
115.93,-71.2,30.2,-64.29,34.02,66.65,36.33,34.88,116.72,-71.13,yoo
115.66,-70.59,30.81,-64.26,34.38,66.52,36.54,34.79,117.0,-70.98,yoo
115.58,-70.05,31.32,-64.36,34.41,66.42,36.52,34.69,117.67,-70.88,yoo
116.13,-69.48,31.38,-64.35,34.5,66.35,36.67,34.59,117.79,-70.94,yoo
115.89,-69.05,32.02,-64.46,34.7,66.23,36.79,34.51,117.92,-70.86,yoo
116.19,-68.76,32.04,-64.59,34.72,66.12,36.85,34.39,117.63,-71.08,yoo
117.25,-68.59,31.57,-64.58,34.49,66.13,36.78,34.39,117.21,-71.26,yoo
118.18,-68.56,31.14,-64.49,34.49,66.11,36.82,34.36,116.58,-71.41,yoo
118.6,-68.66,31.33,-64.45,34.47,66.11,36.77,34.39,116.05,-71.46,yoo
119.32,-68.87,30.9,-64.44,34.35,66.15,36.65,34.44,115.51,-71.64,yoo
120.14,-68.97,31.03,-64.43,34.28,66.15,36.52,34.49,115.28,-71.56,yoo
121.29,-68.77,30.86,-64.33,34.26,66.17,36.46,34.52,114.73,-71.67,yoo
121.74,-68.54,30.87,-64.34,34.24,66.25,36.38,34.59,114.5,-71.63,yoo
122.13,-68.2,30.98,-64.43,34.18,66.18,36.34,34.52,114.51,-71.69,yoo
122.33,-67.79,31.17,-64.46,34.26,66.06,36.44,34.43,114.53,-71.62,yoo
123.07,-67.45,30.97,-64.57,34.28,65.92,36.5,34.27,114.71,-71.86,yoo
123.94,-67.04,30.57,-64.6,34.11,65.85,36.53,34.18,114.84,-72.07,yoo
124.89,-66.81,30.07,-64.35,34.2,65.96,36.64,34.2,114.1,-72.36,yoo
125.55,-66.57,30.01,-64.34,34.07,66.1,36.7,34.34,113.72,-72.31,yoo
126.06,-66.54,29.73,-64.3,34.03,66.21,36.64,34.43,113.0,-72.54,yoo
126.52,-66.42,29.5,-64.29,33.79,66.37,36.57,34.58,113.01,-71.98,yoo
126.74,-66.56,29.53,-64.29,33.75,66.48,36.5,34.74,112.17,-72.08,yoo
125.94,-66.6,30.19,-64.51,33.78,66.33,36.46,34.67,112.42,-72.0,yoo
125.65,-66.63,30.44,-64.58,33.84,66.24,36.39,34.6,112.55,-71.94,yoo
125.35,-66.57,30.64,-64.61,33.98,66.16,36.39,34.56,112.64,-71.96,yoo
125.27,-66.34,30.63,-64.53,34.12,66.04,36.57,34.42,112.4,-72.26,yoo
125.41,-66.27,30.45,-64.48,34.27,66.0,36.7,34.3,112.33,-72.51,yoo
126.14,-66.1,29.73,-64.49,34.18,66.05,36.82,34.24,111.76,-72.86,yoo
126.68,-66.1,29.47,-64.36,34.26,66.21,36.93,34.36,111.22,-72.96,yoo
126.85,-66.14,29.26,-64.32,34.14,66.33,36.87,34.51,110.57,-73.02,yoo
126.73,-66.19,29.53,-64.41,34.07,66.34,36.82,34.56,110.45,-72.98,yoo
126.8,-66.18,29.55,-64.5,34.09,66.25,36.87,34.45,110.75,-73.06,yoo
126.71,-66.24,29.61,-64.5,34.13,66.23,36.85,34.43,110.7,-73.04,yoo
126.43,-66.26,29.65,-64.44,34.22,66.24,36.86,34.44,110.49,-73.08,yoo
126.73,-66.38,29.46,-64.4,34.08,66.26,36.8,34.42,110.41,-73.27,yoo
126.88,-66.46,29.23,-64.36,34.16,66.28,36.81,34.44,110.36,-73.3,yoo
126.97,-66.43,29.05,-64.41,34.08,66.27,36.87,34.41,110.12,-73.36,yoo
127.07,-66.38,28.83,-64.38,34.14,66.33,36.97,34.44,110.07,-73.42,yoo
126.72,-66.29,28.83,-64.33,34.23,66.29,37.01,34.37,110.18,-73.43,yoo
126.66,-66.49,28.71,-64.26,34.32,66.33,37.0,34.47,109.23,-73.42,yoo
126.64,-66.64,28.53,-64.15,34.33,66.32,37.01,34.43,109.1,-73.46,yoo
126.39,-66.72,28.54,-64.16,34.34,66.38,36.95,34.53,108.84,-73.2,yoo
126.01,-66.76,28.9,-64.2,34.33,66.35,36.87,34.52,108.94,-73.06,yoo
125.68,-66.74,29.07,-64.22,34.35,66.23,36.92,34.41,109.34,-73.15,yoo
126.07,-66.79,28.64,-64.25,34.2,66.15,36.87,34.29,108.74,-73.35,yoo
126.57,-66.72,28.48,-64.14,34.04,66.29,36.86,34.4,108.39,-73.58,yoo
126.73,-66.83,28.24,-63.98,34.04,66.39,36.85,34.5,108.07,-73.64,yoo
127.02,-67.03,28.16,-64.05,33.89,66.5,36.79,34.61,107.56,-73.64,yoo
127.16,-67.1,27.88,-64.01,33.74,66.6,36.71,34.72,107.59,-73.7,yoo
127.12,-67.14,27.84,-63.96,33.71,66.67,36.71,34.75,107.35,-73.75,yoo
126.82,-67.18,28.0,-63.97,33.63,66.7,36.65,34.82,107.24,-73.57,yoo
126.2,-67.11,28.15,-63.89,33.84,66.63,36.77,34.77,107.49,-73.42,yoo
126.15,-67.09,28.13,-63.96,33.9,66.62,36.85,34.75,107.39,-73.38,yoo
126.24,-67.1,28.07,-64.15,33.71,66.62,36.83,34.77,107.57,-73.46,yoo
126.13,-67.13,28.03,-64.1,33.74,66.66,36.77,34.82,107.34,-73.41,yoo
125.69,-67.13,28.16,-64.11,33.84,66.62,36.77,34.81,107.94,-73.43,yoo
125.74,-67.12,28.17,-64.16,33.82,66.65,36.76,34.84,107.9,-73.33,yoo
125.9,-66.99,27.83,-64.11,33.9,66.69,36.88,34.85,107.35,-73.54,yoo
126.04,-67.01,27.76,-64.12,33.83,66.74,36.84,34.9,107.07,-73.58,yoo
125.84,-67.04,27.78,-64.15,33.94,66.74,36.8,34.93,105.3,-73.57,yoo
125.47,-66.94,28.03,-64.19,33.98,66.69,36.85,34.89,105.13,-73.45,yoo
125.74,-66.95,27.89,-64.27,33.9,66.66,36.78,34.86,104.93,-73.73,yoo
125.94,-67.06,27.81,-64.29,33.76,66.66,36.74,34.86,104.74,-73.83,yoo
126.02,-67.34,27.62,-64.19,33.68,66.74,36.63,34.99,104.04,-73.72,yoo
125.5,-67.34,27.94,-64.24,33.68,66.7,36.56,34.95,104.72,-73.58,yoo
125.15,-67.19,28.45,-64.22,33.84,66.52,36.69,34.8,105.24,-73.42,yoo
125.15,-67.24,28.52,-64.21,33.99,66.43,36.76,34.7,105.4,-73.36,yoo
125.22,-67.25,28.42,-64.25,34.01,66.42,36.8,34.69,105.84,-73.25,yoo
125.27,-67.31,28.5,-64.25,33.87,66.42,36.72,34.72,105.97,-73.25,yoo
124.93,-67.31,28.7,-64.13,34.01,66.45,36.74,34.74,105.77,-73.17,yoo
124.74,-67.32,28.79,-64.06,34.15,66.41,36.82,34.73,105.85,-73.11,yoo
125.06,-67.37,28.49,-63.95,34.12,66.56,36.8,34.85,104.96,-73.24,yoo
124.69,-67.44,28.76,-64.05,34.11,66.6,36.74,34.9,105.0,-73.11,yoo
124.26,-67.53,29.17,-64.06,34.18,66.56,36.71,34.91,105.19,-72.87,yoo
124.11,-67.44,29.23,-64.09,34.29,66.44,36.75,34.77,105.68,-72.91,yoo
124.16,-67.31,29.17,-64.06,34.46,66.3,36.92,34.6,106.17,-72.9,yoo
124.28,-67.31,28.74,-63.91,34.56,66.4,37.04,34.68,105.69,-72.96,yoo
124.63,-67.44,28.42,-63.97,34.32,66.51,36.89,34.77,105.15,-73.15,yoo
124.76,-67.47,28.4,-63.98,34.18,66.64,36.85,34.93,104.68,-73.03,yoo
124.69,-67.45,28.47,-63.99,34.27,66.62,36.87,34.93,104.6,-73.0,yoo
124.59,-67.39,28.73,-64.09,34.18,66.56,36.85,34.84,104.89,-73.04,yoo
124.76,-67.41,28.59,-64.1,34.11,66.58,36.8,34.84,104.61,-73.2,yoo
124.93,-67.47,28.51,-64.05,33.99,66.66,36.74,34.92,104.44,-73.21,yoo
125.21,-67.47,28.47,-64.12,33.89,66.7,36.73,34.94,104.76,-73.16,yoo
125.02,-67.55,28.65,-64.18,33.86,66.77,36.68,35.04,104.87,-73.04,yoo
124.51,-67.42,28.93,-64.29,33.95,66.65,36.72,34.91,105.54,-72.95,yoo
124.52,-67.33,28.96,-64.34,33.96,66.66,36.77,34.88,106.03,-72.9,yoo
124.69,-67.36,28.84,-64.3,33.87,66.64,36.74,34.87,105.9,-73.04,yoo
124.69,-67.43,28.87,-64.22,33.93,66.72,36.74,34.95,105.69,-73.05,yoo
124.22,-67.29,29.38,-64.23,33.95,66.73,36.7,34.99,106.05,-72.88,yoo
124.23,-67.2,29.54,-64.2,34.02,66.76,36.78,35.03,105.84,-72.82,yoo
124.45,-67.18,29.52,-64.31,34.02,66.64,36.79,34.92,105.91,-73.01,yoo
124.66,-67.31,29.26,-64.33,33.88,66.69,36.71,34.99,105.75,-73.02,yoo
124.43,-67.52,29.45,-64.26,33.97,66.7,36.6,35.04,105.78,-72.88,yoo
123.97,-67.5,29.74,-64.25,34.04,66.61,36.55,34.96,106.12,-72.79,yoo
124.01,-67.38,29.71,-64.22,34.12,66.6,36.65,34.94,106.24,-72.84,yoo
123.98,-67.25,29.62,-64.21,34.18,66.58,36.8,34.91,106.2,-72.95,yoo
124.3,-67.27,29.42,-64.21,34.1,66.64,36.83,34.94,105.75,-72.99,yoo
124.58,-67.34,29.18,-64.22,33.9,66.75,36.69,35.05,105.14,-73.09,yoo
124.27,-67.37,29.48,-64.19,33.98,66.75,36.65,35.09,105.35,-72.86,yoo
124.09,-67.46,29.56,-64.16,34.16,66.7,36.74,35.1,105.59,-72.81,yoo
124.31,-67.38,29.39,-64.28,33.98,66.67,36.7,35.04,105.68,-73.12,yoo
124.52,-67.39,29.26,-64.27,33.94,66.63,36.69,35.04,105.82,-73.05,yoo
124.34,-67.48,29.48,-64.14,34.14,66.62,36.73,35.05,105.87,-72.85,yoo
124.38,-67.38,29.3,-64.14,34.14,66.61,36.78,34.97,106.01,-72.96,yoo
124.66,-67.33,29.14,-64.18,34.15,66.67,36.86,34.99,105.76,-73.01,yoo
124.62,-67.41,29.08,-64.23,34.1,66.67,36.83,34.98,105.51,-73.06,yoo
124.46,-67.42,29.2,-64.25,34.11,66.7,36.83,35.05,105.54,-72.99,yoo
124.58,-67.33,28.97,-64.35,34.07,66.69,36.9,34.98,105.63,-73.06,yoo
124.77,-67.3,28.81,-64.46,33.93,66.66,36.89,34.97,105.44,-73.18,yoo
124.8,-67.39,28.77,-64.44,33.86,66.7,36.8,35.0,104.98,-73.22,yoo
124.67,-67.43,28.78,-64.37,33.84,66.69,36.75,34.98,105.02,-73.18,yoo
124.57,-67.32,28.7,-64.4,33.78,66.73,36.75,34.98,105.06,-73.27,yoo
124.51,-67.3,28.79,-64.39,33.84,66.74,36.8,35.0,104.96,-73.28,yoo
124.63,-67.38,28.6,-64.45,33.83,66.75,36.75,35.03,104.41,-73.5,yoo
124.69,-67.35,28.41,-64.49,33.66,66.77,36.65,35.08,104.42,-73.59,yoo
124.69,-67.29,28.42,-64.47,33.67,66.72,36.66,35.04,104.12,-73.65,yoo
124.63,-67.29,28.51,-64.62,33.63,66.61,36.7,34.94,104.07,-73.72,yoo
124.59,-67.24,28.33,-64.57,33.66,66.48,36.73,34.76,104.41,-73.75,yoo
